ID,PlanID,StateID,Name,JoinDate,ActiveCustomer
1,4,IL,Allyson Espinoza,1/1/2020,0
2,5,TN,Rene Hartman,1/3/2020,1
3,10,CA,Ezekiel Dawson,1/3/2020,1
4,8,NY,Xander Stein,1/5/2020,1
5,6,IL,Michelle Blanchard,1/5/2020,1
6,6,NY,Jerome Bradshaw,1/5/2020,1
7,6,AZ,Blaine Payne,1/6/2020,1
8,9,AZ,Rolando Ryan,1/7/2020,1
9,2,NY,Jane Colon,1/8/2020,1
10,4,CA,Aliza Boyer,1/8/2020,1
11,8,KS,Presley Copeland,1/8/2020,0
12,6,CA,Ivan Villarreal,1/10/2020,1
13,8,AZ,Jared Parsons,1/10/2020,1
14,7,AL,Mckayla Braun,1/10/2020,1
15,6,NY,Melissa Nunez,1/11/2020,1
16,6,NY,Van Sanford,1/12/2020,0
17,9,NY,Prince Gomez,1/13/2020,0
18,7,IL,Ian White,1/15/2020,1
19,8,NY,Mya Powers,1/15/2020,1
20,4,CA,Isabell Silva,1/16/2020,1
21,9,AZ,Gracelyn Jimenez,1/18/2020,1
22,5,IL,Jennifer Espinoza,1/19/2020,1
23,4,TX,Logan Carrillo,1/20/2020,0
24,6,IL,Emiliano Finley,1/21/2020,1
25,10,IL,Marvin Leach,1/21/2020,1
26,7,NY,Phoenix Dickson,1/22/2020,1
27,4,CA,Alessandro Christian,1/24/2020,1
28,8,NY,Taniya Banks,1/24/2020,1
29,4,NY,Mike Mckee,1/27/2020,1
30,7,CA,Kaleb Holmes,1/31/2020,1
31,5,NV,Payton Thomas,1/31/2020,1
32,5,RI,Ayanna Salas,2/4/2020,1
33,9,AZ,Izabella Buck,2/4/2020,0
34,9,NY,Karlee Greene,2/5/2020,1
35,3,NY,Tamia Macias,2/5/2020,1
36,7,CA,Solomon Gibbs,2/8/2020,1
37,7,CA,Pablo Payne,2/8/2020,1
38,7,NY,Anabelle Schmidt,2/9/2020,0
39,5,NY,Kareem Randall,2/10/2020,0
40,6,IL,Carlie Mccormick,2/10/2020,1
41,10,NY,Chaim Larsen,2/10/2020,1
42,8,IL,Edgar Houston,2/11/2020,1
43,8,CA,Alfredo Beck,2/11/2020,1
44,8,AZ,Quentin Taylor,2/12/2020,1
45,10,AZ,Aidyn Barton,2/12/2020,1
46,2,NY,Kamora Combs,2/12/2020,1
47,5,NY,Donovan Osborne,2/13/2020,1
48,10,IL,Johnathon Sanders,2/14/2020,1
49,9,NY,Claudia Sandoval,2/15/2020,1
50,5,TX,Esmeralda Montoya,2/16/2020,1
51,8,AZ,Israel Proctor,2/17/2020,1
52,7,TX,Alina Flores,2/17/2020,1
53,7,OK,Dayana Russo,2/19/2020,0
54,8,NY,Corinne Hawkins,2/20/2020,0
55,6,NY,Clarissa Zavala,2/20/2020,1
56,2,NY,Whitney Brock,2/20/2020,1
57,10,TX,Shyanne Zuniga,2/21/2020,1
58,9,IL,Kristina Avila,2/22/2020,0
59,2,WA,Chana Palmer,2/23/2020,1
60,5,NY,Ada Lucas,2/23/2020,1
61,9,NY,Jadiel Gates,2/24/2020,1
62,7,NY,Isaiah Hubbard,2/27/2020,1
63,6,NY,Joey Horn,2/28/2020,1
64,6,IL,Brooks Juarez,3/1/2020,1
65,9,AZ,Elsie Macias,3/2/2020,1
66,3,TX,Eleanor Gross,3/3/2020,1
67,5,CA,Lilian Wang,3/4/2020,1
68,5,NY,Leonel Mclaughlin,3/5/2020,1
69,7,NY,Eden Coffey,3/5/2020,1
70,8,NY,Armando Goodwin,3/6/2020,1
71,7,NY,Fisher Hess,3/8/2020,0
72,6,NY,Simon Carrillo,3/9/2020,1
73,4,CA,Savannah Mcfarland,3/11/2020,1
74,5,AZ,Aryanna Cook,3/11/2020,1
75,9,AZ,Reynaldo English,3/11/2020,1
76,8,IL,Hayden Williams,3/11/2020,1
77,8,NY,Adriel Arellano,3/12/2020,1
78,10,IL,Jaiden Dalton,3/13/2020,1
79,1,IL,Karma Burnett,3/14/2020,0
80,8,NY,Keshawn Farmer,3/14/2020,0
81,8,NY,Micheal Le,3/15/2020,1
82,8,NY,Joseph Eaton,3/17/2020,1
83,10,IL,Shane Snyder,3/17/2020,1
84,7,WA,Addyson Travis,3/17/2020,1
85,6,NY,Karla Robbins,3/23/2020,0
86,6,TX,Marely Mueller,3/23/2020,1
87,3,IL,Osvaldo Sanford,3/24/2020,1
88,5,AZ,Maximillian Barron,3/25/2020,1
89,2,IL,Drake Marshall,3/25/2020,1
90,8,CA,Emilia Davidson,3/26/2020,0
91,7,MD,Ty Gentry,3/28/2020,1
92,4,IL,Maren Fuller,3/28/2020,1
93,10,IL,Bruce Zimmerman,3/29/2020,1
94,4,NY,Bridget Adkins,3/30/2020,1
95,6,IL,Rose Carson,3/30/2020,1
96,6,NV,Ashanti Arias,3/31/2020,0
97,8,NY,Tori Campbell,4/2/2020,1
98,8,NY,Taniyah Fuentes,4/5/2020,1
99,7,NY,Cory Jefferson,4/6/2020,1
100,8,NY,Aryana Diaz,4/6/2020,1
101,6,IL,Teresa Luna,4/6/2020,1
102,7,NY,Simeon Jarvis,4/7/2020,1
103,5,IL,Mylie Lamb,4/9/2020,0
104,5,NY,Talon Larson,4/9/2020,1
105,6,AZ,Sloane Buckley,4/10/2020,0
106,8,NY,Peyton Ware,4/11/2020,1
107,6,IL,Kody Woodard,4/11/2020,0
108,8,WA,Cheyanne Guerra,4/12/2020,1
109,8,NY,Emilio Hahn,4/13/2020,1
110,6,NY,Zachery Manning,4/14/2020,1
111,4,IL,Mark Scott,4/14/2020,1
112,2,AZ,Anaya Morris,4/17/2020,1
113,9,AZ,Harry Villarreal,4/18/2020,1
114,8,AZ,Alyssa Sanders,4/20/2020,0
115,10,CA,Jaylee Norton,4/20/2020,1
116,6,NY,Micheal Rose,4/20/2020,1
117,10,FL,Darnell Arias,4/21/2020,1
118,4,TX,Rodney Mendez,4/22/2020,1
119,4,NY,Alexa Odom,4/24/2020,0
120,8,IL,Jillian Skinner,4/25/2020,1
121,5,TX,Quinn Bullock,4/25/2020,1
122,7,WA,Sophie Suarez,4/25/2020,1
123,7,IL,Omar Haynes,4/26/2020,1
124,10,AZ,Ayden Hernandez,4/26/2020,1
125,6,NY,Marlee White,4/26/2020,1
126,5,IL,Emily Benitez,4/27/2020,1
127,5,CA,Noemi Burch,4/28/2020,0
128,7,NM,Nick Rivers,4/30/2020,0
129,6,TX,Alberto Mccarthy,4/30/2020,1
130,6,TX,Alana Lindsey,5/5/2020,1
131,6,NY,Simon Branch,5/7/2020,0
132,4,IL,Lesly Rogers,5/8/2020,1
133,5,TX,Allen Oconnor,5/8/2020,1
134,5,IL,Jonathon Rivera,5/9/2020,0
135,6,WA,Richard Jefferson,5/9/2020,0
136,7,IL,Maritza Crosby,5/9/2020,0
137,7,TX,Elena Mejia,5/10/2020,0
138,10,NY,Chandler Joseph,5/10/2020,1
139,7,TX,Brenden Holmes,5/13/2020,0
140,4,WA,Ayaan Ewing,5/14/2020,1
141,2,IL,Natalie Ruiz,5/15/2020,1
142,5,IL,Ernest Gilbert,5/16/2020,1
143,9,CA,Emmy Jacobson,5/16/2020,1
144,1,NY,Charlie Todd,5/20/2020,1
145,4,NY,Aidyn Lambert,5/21/2020,1
146,8,AZ,Alana Fitzgerald,5/21/2020,1
147,6,NY,Arjun Howe,5/21/2020,1
148,6,AL,Callum Goodman,5/22/2020,1
149,9,IL,Sabrina Shaw,5/23/2020,1
150,7,NY,Chandler Gonzales,5/23/2020,1
151,6,TN,Nina Blackwell,5/24/2020,1
152,8,KY,Erika Skinner,5/25/2020,0
153,3,CA,Katelyn Grimes,5/25/2020,1
154,4,CA,Lailah Long,5/25/2020,0
155,10,NY,Kael Parsons,5/27/2020,1
156,8,NY,Madalyn Mitchell,5/27/2020,1
157,10,TX,Gideon Hendricks,5/27/2020,1
158,10,CA,Alma Wood,5/28/2020,1
159,3,NY,Skyla Clements,5/29/2020,0
160,6,NY,Logan Guerrero,5/29/2020,1
161,6,PA,Brooklyn Ortiz,5/29/2020,1
162,8,TX,Misael Ray,5/30/2020,1
163,6,IL,Jase Patterson,5/30/2020,1
164,9,NY,Zoie Dickerson,5/31/2020,0
165,5,NY,Aurora Lynch,6/2/2020,1
166,5,FL,Marley Mcclain,6/3/2020,1
167,3,IL,Zariah Lozano,6/5/2020,1
168,2,AZ,Jonathon Burgess,6/5/2020,1
169,9,NY,Alondra Roth,6/9/2020,1
170,8,IL,Jacquelyn Hunter,6/11/2020,1
171,6,CA,Summer Richard,6/11/2020,1
172,4,CA,Paul Sawyer,6/12/2020,0
173,7,IL,Barrett Rodriguez,6/13/2020,1
174,5,NY,Steven Zhang,6/13/2020,1
175,7,IL,Maggie Wade,6/14/2020,1
176,9,AZ,Nola Dominguez,6/16/2020,1
177,5,NY,Joey Jackson,6/16/2020,1
178,10,NY,Karter Paul,6/18/2020,1
179,7,NY,Ayaan Oconnor,6/18/2020,0
180,5,CO,Octavio Shaw,6/19/2020,1
181,6,NY,Seamus Richardson,6/19/2020,1
182,6,IL,Kate Zuniga,6/20/2020,1
183,6,PA,Fletcher Costa,6/20/2020,0
184,9,WA,Allie Yang,6/20/2020,1
185,4,PA,Zion Stewart,6/21/2020,1
186,8,AZ,Jaylon Riggs,6/23/2020,1
187,8,NY,Imani Fowler,6/23/2020,0
188,9,AZ,Roland Kent,6/23/2020,0
189,7,MA,Valentina Tyler,6/23/2020,1
190,7,HI,Callie Stephens,6/23/2020,1
191,6,CA,Zackery Zhang,6/24/2020,1
192,5,NY,Jace Pena,6/24/2020,1
193,7,AZ,Hugo Henderson,6/24/2020,0
194,4,NY,Dax Rose,6/25/2020,1
195,8,IL,Owen Mays,6/26/2020,0
196,7,TX,Isaac Copeland,6/26/2020,1
197,1,IL,Raymond Abbott,6/26/2020,0
198,5,IL,Malakai Anderson,6/26/2020,1
199,9,NY,Adalyn Gallegos,6/29/2020,0
200,8,NY,Franklin Hodges,6/29/2020,1
201,6,IL,Trevin Nicholson,6/29/2020,1
202,4,IL,Madalynn Nash,7/1/2020,0
203,5,NY,Tate Potter,7/3/2020,1
204,10,CA,Adalyn Clarke,7/3/2020,1
205,2,WA,Hayley Ruiz,7/3/2020,1
206,10,NY,Gustavo Rodriguez,7/4/2020,1
207,7,IL,Raul Deleon,7/4/2020,1
208,6,NY,Francis Huff,7/5/2020,0
209,7,AZ,Gina Cooper,7/5/2020,0
210,3,TX,Lamar Parrish,7/6/2020,0
211,8,TX,Justus Gould,7/6/2020,1
212,6,NY,Damien Weiss,7/7/2020,1
213,1,NY,Emily Simmons,7/8/2020,1
214,8,PA,Malia Clay,7/9/2020,1
215,8,IL,Aniyah Quinn,7/10/2020,1
216,8,NY,Shaylee Jones,7/10/2020,0
217,5,AZ,Jaylan Bernard,7/11/2020,0
218,9,NY,Enzo Cuevas,7/12/2020,0
219,10,NY,Adison Hill,7/13/2020,0
220,7,CA,Turner Rowland,7/16/2020,1
221,10,AZ,Lilia Lowe,7/16/2020,1
222,2,AZ,Eliezer Mcclain,7/16/2020,1
223,7,TX,Jordan Silva,7/17/2020,1
224,6,TX,Shaylee Irwin,7/18/2020,1
225,3,TX,Diego Kennedy,7/18/2020,1
226,7,NY,Lizeth Berger,7/19/2020,1
227,6,IL,Savanna Vaughn,7/21/2020,1
228,7,IL,Annika Flowers,7/22/2020,1
229,10,NY,Colton Holmes,7/22/2020,1
230,7,AZ,Calvin Trujillo,7/24/2020,1
231,6,NY,Kristian Barron,7/26/2020,1
232,5,NY,Harrison Bryant,7/26/2020,1
233,10,NY,Kyla Lowe,7/28/2020,0
234,2,IL,Emilee Mcclure,7/28/2020,1
235,6,CA,Adrienne Kramer,7/28/2020,0
236,2,CA,Jaime Mcdowell,7/29/2020,0
237,4,VA,Anaya Allen,7/30/2020,1
238,6,NY,Micah Gilbert,7/30/2020,1
239,6,NY,Athena Jacobs,7/30/2020,1
240,6,NY,Gisselle Le,7/31/2020,1
241,1,CA,Maddox Chang,8/1/2020,1
242,10,IL,Amani Kirby,8/1/2020,1
243,5,IL,Cassius Henry,8/2/2020,1
244,6,NY,Scarlet Fletcher,8/2/2020,1
245,8,NY,Koen Durham,8/2/2020,1
246,3,NY,Amaris Spence,8/3/2020,1
247,6,CA,Jaidyn Weeks,8/3/2020,1
248,7,NY,Arabella Foley,8/3/2020,1
249,9,CA,Toby Collier,8/3/2020,1
250,7,TX,Chana Floyd,8/4/2020,1
251,4,IL,Tanya Faulkner,8/5/2020,1
252,5,WA,Warren Mccormick,8/6/2020,1
253,5,NY,Brady Patrick,8/6/2020,1
254,7,CA,Brynn Hays,8/8/2020,1
255,6,IL,Nina Davidson,8/10/2020,1
256,5,NY,Harley Taylor,8/11/2020,0
257,6,CA,Dane Burns,8/13/2020,1
258,9,IL,Caden Myers,8/13/2020,0
259,7,IL,Hannah Velazquez,8/14/2020,0
260,6,NY,Enzo Graves,8/15/2020,1
261,7,IL,Leyla Sanford,8/15/2020,1
262,5,IL,Ingrid Moses,8/16/2020,0
263,6,IL,Kyle Vazquez,8/17/2020,1
264,5,NY,Brock Boyle,8/17/2020,1
265,7,NY,Janet Chambers,8/17/2020,0
266,9,NY,Rodolfo Hooper,8/17/2020,1
267,5,IL,Livia Watkins,8/17/2020,1
268,7,IL,Alisson Melendez,8/18/2020,0
269,10,IL,Derrick Hopkins,8/18/2020,0
270,4,AZ,Heaven Frey,8/18/2020,1
271,6,DC,Malia Kirk,8/19/2020,1
272,3,NY,Waylon Greene,8/21/2020,0
273,6,IL,Elliana Williamson,8/24/2020,0
274,6,CA,Zaniyah Spence,8/25/2020,1
275,6,NY,Cadence Quinn,8/25/2020,0
276,5,NY,Mariam Summers,8/26/2020,1
277,8,NY,Isabelle Baker,8/26/2020,1
278,2,NY,Russell Salazar,8/26/2020,1
279,8,CA,Anastasia Barton,8/29/2020,1
280,9,FL,Terrence Wyatt,8/30/2020,1
281,6,WA,Malia Swanson,8/31/2020,1
282,4,CA,Jairo Bates,9/1/2020,1
283,5,CA,Conrad Mitchell,9/1/2020,0
284,9,CA,Adolfo Blackburn,9/2/2020,1
285,2,IL,Orion Stanton,9/2/2020,1
286,7,FL,Jamie Cooley,9/3/2020,1
287,8,DC,Roland Hoffman,9/3/2020,1
288,4,OK,Dixie Newton,9/3/2020,1
289,7,AZ,Arjun Valdez,9/4/2020,0
290,4,IL,Tristian Clarke,9/5/2020,1
291,8,IL,Katie Nelson,9/5/2020,1
292,7,CA,George Ryan,9/6/2020,1
293,7,CA,Brittany Greene,9/6/2020,1
294,7,TX,Mikayla Barrett,9/7/2020,1
295,6,IL,Rory Browning,9/7/2020,1
296,4,NY,Cristal Vang,9/8/2020,1
297,10,NY,Iyana Cisneros,9/8/2020,1
298,6,NY,Yesenia Wu,9/9/2020,0
299,6,NY,Lillian Stafford,9/11/2020,1
300,8,AZ,Ronan Kerr,9/11/2020,1
301,6,NY,Raphael Huynh,9/11/2020,0
302,8,TX,Carsen Davidson,9/12/2020,0
303,7,CA,Kyla Salazar,9/13/2020,1
304,6,AZ,Serena Guerra,9/13/2020,1
305,9,TX,Peyton Berg,9/14/2020,1
306,6,NY,Diego Chaney,9/15/2020,1
307,6,NY,Allisson House,9/15/2020,1
308,7,TX,Evelin Gardner,9/16/2020,1
309,5,AZ,Trent Price,9/16/2020,0
310,9,NY,Daisy Marquez,9/17/2020,0
311,6,NY,Ezra Cameron,9/18/2020,0
312,8,WA,Payton Hahn,9/22/2020,0
313,8,TX,Sawyer Wyatt,9/23/2020,1
314,5,CA,Joseph Li,9/24/2020,1
315,7,IL,India Gallegos,9/25/2020,1
316,6,AZ,Justice Fowler,9/26/2020,1
317,7,NE,Howard Davis,9/26/2020,0
318,2,TX,Abigayle Leblanc,9/27/2020,1
319,4,NY,Eleanor Ritter,9/28/2020,1
320,4,NY,Jordyn Hardin,9/28/2020,1
321,5,NY,Selina Avila,9/29/2020,1
322,5,IL,Tabitha Ashley,9/30/2020,1
323,3,IL,Corbin Santana,9/30/2020,1
324,6,VA,Rachael Schwartz,9/30/2020,1
325,5,IL,Malcolm Perez,10/3/2020,1
326,9,CA,Kayden Reilly,10/3/2020,1
327,6,NY,Brooks Meza,10/4/2020,1
328,7,NY,Janiya Whitehead,10/4/2020,1
329,7,IL,Leonidas Duncan,10/6/2020,1
330,9,NY,Evelyn Serrano,10/8/2020,1
331,3,NY,Elliott Moss,10/8/2020,1
332,8,CA,Ryan Kramer,10/9/2020,0
333,8,NY,Israel Banks,10/9/2020,1
334,2,TN,Amari Whitney,10/9/2020,1
335,7,NY,Alexandria Lang,10/10/2020,1
336,6,NY,Cherish Best,10/10/2020,0
337,2,RI,Jonah Grant,10/11/2020,1
338,6,TX,Keely Townsend,10/11/2020,1
339,8,CA,Quinn Love,10/11/2020,1
340,9,NY,Gwendolyn Barron,10/11/2020,1
341,7,IL,Joey Stewart,10/12/2020,0
342,5,CA,Giuliana Mullins,10/12/2020,1
343,6,AZ,Emely Lawson,10/13/2020,0
344,5,NY,Hope Rangel,10/13/2020,0
345,6,NY,Alejandro Boyle,10/13/2020,1
346,7,TX,Francis Reed,10/14/2020,1
347,5,NY,Harley Farrell,10/15/2020,1
348,8,WA,Gunnar Griffin,10/15/2020,1
349,4,IL,Eric Harvey,10/15/2020,1
350,9,NY,Elaine Ponce,10/16/2020,1
351,6,NY,Jaycee Riddle,10/16/2020,1
352,5,NY,Ayden Cantu,10/18/2020,1
353,8,NY,Caden Lewis,10/19/2020,1
354,3,NY,Jude Burch,10/19/2020,1
355,8,VA,Catherine Vaughn,10/20/2020,1
356,7,NY,Theresa Hebert,10/20/2020,0
357,2,NY,Dale Riggs,10/21/2020,1
358,9,CA,Kinsley Moses,10/21/2020,0
359,8,TX,Kenley Murphy,10/21/2020,1
360,10,IL,Korbin Evans,10/21/2020,1
361,6,CA,Yasmin Horn,10/23/2020,1
362,10,CA,Jasiah Reed,10/23/2020,0
363,6,NY,Cortez Parks,10/25/2020,1
364,7,VA,Cullen Johnson,10/25/2020,1
365,2,NY,Liana Dickson,10/26/2020,1
366,9,FL,Quintin Frederick,10/27/2020,1
367,5,IL,Makenna Walker,10/28/2020,1
368,4,NY,Magdalena Bauer,10/28/2020,1
369,2,TX,Cortez Ochoa,10/28/2020,1
370,10,IL,Gabrielle Carter,10/31/2020,0
371,7,NY,Trinity Wall,11/1/2020,1
372,3,NY,Kaley Alvarado,11/2/2020,1
373,10,NY,Mylee Keith,11/2/2020,1
374,8,NY,Areli Brooks,11/3/2020,1
375,6,IL,Chelsea Barron,11/3/2020,1
376,5,CA,Ali Rivers,11/3/2020,1
377,8,NY,Cruz Williamson,11/4/2020,0
378,5,NY,Madelyn Mcguire,11/5/2020,1
379,5,NY,Kaila Rogers,11/5/2020,0
380,9,IL,Van Mullen,11/5/2020,0
381,3,TX,Danica Galvan,11/6/2020,1
382,6,OH,Rohan Jacobs,11/7/2020,1
383,6,AZ,Cristal Gregory,11/7/2020,1
384,9,VA,Jazlyn Davila,11/8/2020,1
385,6,CA,Sincere Frye,11/9/2020,1
386,4,TX,Savannah Mercer,11/9/2020,1
387,6,IL,Alonzo Santos,11/10/2020,0
388,5,NY,Kendall Yates,11/10/2020,1
389,7,CA,Ryan Gaines,11/10/2020,0
390,6,OK,Demarion Peterson,11/11/2020,1
391,9,IL,Zechariah Chang,11/11/2020,1
392,5,CO,Carolina Hinton,11/12/2020,0
393,9,IL,Adam Duncan,11/12/2020,1
394,9,NY,Marcus Miranda,11/12/2020,1
395,7,AZ,Gaige White,11/14/2020,1
396,8,IL,Brenda Kane,11/15/2020,1
397,5,NY,Brennan Bautista,11/15/2020,1
398,9,TX,Marlee Johnson,11/15/2020,0
399,10,AZ,Adan Trevino,11/15/2020,1
400,7,NY,Payton Pennington,11/15/2020,0
401,7,NY,Henry Cardenas,11/16/2020,1
402,6,NY,Irene Reed,11/16/2020,1
403,6,IL,Logan Bender,11/17/2020,0
404,7,NY,Kinley Booth,11/18/2020,1
405,6,NY,Zechariah Eaton,11/18/2020,1
406,8,CA,Patrick Gardner,11/20/2020,1
407,2,AZ,Selina Duke,11/21/2020,1
408,2,CA,Jaylin Parsons,11/21/2020,1
409,9,IL,Howard Cervantes,11/21/2020,1
410,3,WA,Ruben Stokes,11/21/2020,0
411,8,IL,Celia Shaffer,11/21/2020,1
412,1,CA,Brock Donaldson,11/22/2020,1
413,7,CA,Erin Bailey,11/25/2020,1
414,6,NY,Rowan Rhodes,11/26/2020,1
415,4,NY,Ace Branch,11/27/2020,1
416,6,NY,Leslie Everett,11/28/2020,1
417,5,NY,Marlene Leblanc,11/28/2020,0
418,3,NY,Izayah Howe,11/29/2020,1
419,10,TX,Aracely Pham,11/30/2020,1
420,7,TX,Bronson Vaughn,12/2/2020,1
421,8,PA,Neil Vazquez,12/3/2020,0
422,6,TX,Marely Richardson,12/3/2020,1
423,6,AZ,Lillian Erickson,12/3/2020,1
424,6,CA,Alaina Reed,12/4/2020,1
425,6,NY,Anya Foley,12/4/2020,0
426,10,NY,Konner Horne,12/5/2020,0
427,3,IL,Alexander Griffith,12/6/2020,1
428,7,TX,Marianna Levine,12/6/2020,1
429,8,CA,Annika Everett,12/7/2020,0
430,5,IL,Valeria Hoover,12/7/2020,1
431,2,AZ,Colby Parrish,12/8/2020,1
432,5,IL,Virginia Hendricks,12/8/2020,1
433,9,AZ,Brogan Mcintyre,12/8/2020,1
434,9,NY,Keon Miranda,12/9/2020,1
435,6,NY,Angelica Spears,12/9/2020,1
436,5,NY,Lila Spencer,12/9/2020,1
437,7,NY,Isabell Bender,12/9/2020,1
438,8,CA,Luke Valenzuela,12/11/2020,1
439,7,IL,Monica Sweeney,12/11/2020,1
440,10,CA,Kian Sandoval,12/12/2020,1
441,2,NY,Cara Ellison,12/12/2020,1
442,4,GA,Kole Weiss,12/14/2020,0
443,6,NY,Kayden Gutierrez,12/14/2020,0
444,6,TX,Dominic Jimenez,12/15/2020,1
445,7,NY,Lawrence Singh,12/15/2020,1
446,8,CA,Calvin Payne,12/16/2020,1
447,5,TX,Meghan Rush,12/16/2020,0
448,5,NY,Jaylah Graves,12/16/2020,1
449,6,CA,Salvador Morris,12/18/2020,1
450,9,IL,Derek Lam,12/18/2020,1
451,6,NY,Sidney Kane,12/19/2020,1
452,7,NY,Maren Thomas,12/19/2020,1
453,9,TX,Tiana Terrell,12/19/2020,0
454,5,IL,Kaylen Atkins,12/19/2020,0
455,5,NY,Gracelyn Perez,12/19/2020,1
456,9,NY,Danna Schneider,12/19/2020,1
457,7,CA,Daphne Fletcher,12/20/2020,1
458,5,AZ,Bryanna Jenkins,12/20/2020,1
459,6,NY,Leon Zimmerman,12/22/2020,1
460,5,CA,Andrea Irwin,12/23/2020,1
461,7,OK,Nicole Lawrence,12/23/2020,1
462,5,NY,Fiona Schultz,12/23/2020,1
463,1,NY,Ramon Reynolds,12/24/2020,1
464,10,NY,Katelynn Warner,12/25/2020,0
465,4,IL,Ethen Chapman,12/26/2020,1
466,4,NY,Arturo Bradshaw,12/26/2020,1
467,9,CA,Donovan Mathis,12/27/2020,0
468,7,IL,Zaniyah Holland,12/29/2020,1
469,6,AZ,Henry Church,12/29/2020,1
470,6,NY,Angelo Macias,12/30/2020,1
471,4,NY,Leia Leonard,12/30/2020,1
472,5,NY,Savion Moreno,12/30/2020,1
473,6,NY,Tamia Hodge,12/31/2020,1
474,10,NY,Kelsey Holloway,1/1/2021,1
475,4,IL,Benjamin Mejia,1/1/2021,1
476,5,AZ,Lilyana Garcia,1/2/2021,0
477,5,NY,Jalen Morton,1/2/2021,1
478,8,AZ,Lilian Mann,1/2/2021,0
479,4,NY,Rowan Hines,1/3/2021,1
480,9,NY,Roland Nash,1/3/2021,0
481,10,NY,Shaun Gamble,1/3/2021,0
482,9,NY,Celeste Wood,1/3/2021,0
483,6,NY,Ismael Mclaughlin,1/4/2021,1
484,6,NY,Haley Rodgers,1/5/2021,1
485,7,AZ,Harper Barnett,1/6/2021,0
486,1,AZ,Ryleigh Kelly,1/6/2021,1
487,8,TX,Mohammad Guerra,1/7/2021,1
488,5,NY,Ellen Stanton,1/7/2021,1
489,6,TX,Hudson Yoder,1/7/2021,0
490,6,TX,Evelin Meza,1/7/2021,0
491,2,AZ,Toby Mejia,1/7/2021,1
492,5,IL,Skyla Harris,1/8/2021,1
493,6,CA,Amare Solomon,1/8/2021,1
494,7,IL,Rayne Williamson,1/9/2021,1
495,8,NY,Ashlee Leach,1/9/2021,1
496,9,TX,Maia Nelson,1/10/2021,1
497,8,IL,Cooper Roth,1/11/2021,1
498,7,IL,Piper Elliott,1/11/2021,1
499,7,IL,Mercedes Dominguez,1/11/2021,1
500,8,IL,Nathen Skinner,1/13/2021,1
501,6,AZ,Melvin Carter,1/13/2021,1
502,10,IL,Gianni Klein,1/14/2021,1
503,8,NY,Kadence Meza,1/15/2021,1
504,7,MO,Xander Schroeder,1/15/2021,1
505,4,TX,Karlee Bradley,1/15/2021,0
506,8,NY,Van Ellis,1/15/2021,1
507,7,NY,Krystal Huber,1/16/2021,0
508,10,AZ,Leroy Mckay,1/16/2021,0
509,2,CA,William Schwartz,1/16/2021,1
510,4,NY,Madden Perez,1/17/2021,0
511,8,TX,Arely Bauer,1/17/2021,1
512,7,IL,Carsen Lynch,1/17/2021,1
513,8,NY,Kelsie Ingram,1/18/2021,1
514,1,NY,Jacoby Cabrera,1/18/2021,1
515,4,NY,Dominique French,1/18/2021,1
516,2,NY,Dominik Rosales,1/20/2021,1
517,6,IL,Julien Kemp,1/20/2021,0
518,4,WA,Natalia Ashley,1/21/2021,0
519,5,FL,Rayne Houston,1/23/2021,1
520,5,CA,Marisol Case,1/24/2021,0
521,9,NY,Isiah Nichols,1/24/2021,1
522,3,IL,Alessandro Cowan,1/25/2021,1
523,9,TX,Raelynn Cuevas,1/26/2021,1
524,5,NY,Andy Roberts,1/26/2021,1
525,7,MO,Adrien Mclean,1/27/2021,1
526,4,NY,Frances Estrada,1/28/2021,1
527,9,NY,Ariella Potts,1/29/2021,1
528,9,NY,Micaela Stanton,1/29/2021,0
529,6,AZ,Leslie Waller,1/29/2021,1
530,2,CA,Jada Hines,1/31/2021,1
531,4,NY,Felipe Blankenship,1/31/2021,0
532,7,IL,Marilyn Fritz,2/1/2021,1
533,7,TX,Travis Bryant,2/1/2021,1
534,1,PA,Sabrina Flores,2/1/2021,1
535,5,NY,Evelin Walter,2/1/2021,1
536,2,NY,Walker Henry,2/2/2021,0
537,6,IL,Cindy Beard,2/2/2021,1
538,5,NY,Miles Charles,2/2/2021,0
539,7,NY,Darian Callahan,2/2/2021,0
540,8,IL,Konnor Stephenson,2/2/2021,0
541,6,IL,Hudson Sawyer,2/3/2021,1
542,9,TX,Larry Monroe,2/4/2021,1
543,9,TX,Shelby Stuart,2/4/2021,1
544,9,CA,Porter Elliott,2/5/2021,1
545,7,AZ,Silas Hines,2/5/2021,0
546,9,TX,Briley Summers,2/5/2021,1
547,5,IL,Issac Fuentes,2/5/2021,1
548,7,IL,Cash Edwards,2/5/2021,1
549,8,AZ,Marin Mora,2/5/2021,1
550,8,AZ,Damarion Giles,2/5/2021,1
551,9,NY,Kadin Reed,2/6/2021,1
552,9,NY,Athena Howard,2/6/2021,1
553,8,TX,Laney Leonard,2/6/2021,1
554,7,NY,Augustus Mosley,2/7/2021,1
555,8,IL,Robert Hoffman,2/7/2021,1
556,10,IL,Aiden Lewis,2/7/2021,0
557,2,NY,Rylan Andrade,2/8/2021,1
558,6,WA,Milton Contreras,2/8/2021,1
559,10,NY,Timothy Kirk,2/8/2021,1
560,8,NY,Zander Stanton,2/8/2021,1
561,5,CA,Tyson Larsen,2/10/2021,1
562,10,CA,Bryan Hines,2/10/2021,1
563,6,VA,Andre Simon,2/10/2021,1
564,9,NY,Emiliano Moody,2/12/2021,1
565,6,NY,Dereon Atkins,2/12/2021,0
566,10,NY,Abbie Bauer,2/12/2021,1
567,2,NY,Greyson Mcdowell,2/12/2021,0
568,8,CA,Ximena Sawyer,2/13/2021,0
569,6,NY,Cali Weaver,2/13/2021,1
570,1,NY,Aliyah Pruitt,2/13/2021,0
571,7,OK,Damaris Landry,2/14/2021,1
572,6,WA,Jordyn Garrison,2/15/2021,1
573,6,NY,Alonzo Charles,2/15/2021,1
574,9,CO,Kailey Arellano,2/15/2021,1
575,9,NY,Saige Frey,2/16/2021,0
576,7,NY,Tristian Werner,2/16/2021,0
577,4,CA,Katelyn Cooke,2/18/2021,1
578,2,MO,Mia Brady,2/18/2021,1
579,9,CA,Ciara Brandt,2/19/2021,1
580,6,CA,Zion Simon,2/19/2021,1
581,5,MD,Juliana Townsend,2/19/2021,1
582,6,IL,Zaire Norris,2/19/2021,1
583,7,TX,Elaine Shaffer,2/20/2021,1
584,10,NY,Giuliana Walton,2/20/2021,1
585,8,CA,Ernest Gross,2/21/2021,1
586,9,AZ,Elise Cordova,2/22/2021,1
587,9,NY,Hailie Gardner,2/22/2021,0
588,4,IL,Edward Mccoy,2/23/2021,1
589,10,OK,Madelyn Kline,2/23/2021,1
590,6,IL,Angela Jenkins,2/24/2021,0
591,6,NC,Gloria Lambert,2/25/2021,1
592,4,IL,Brennan Hudson,2/25/2021,1
593,9,TX,Bobby Dalton,2/26/2021,1
594,4,NY,Will Arnold,2/26/2021,0
595,8,NY,Maximus Zhang,2/27/2021,1
596,6,IL,Mason Velasquez,3/1/2021,1
597,5,NY,Nataly Robles,3/1/2021,1
598,6,NY,Elsie Galloway,3/1/2021,1
599,6,PA,Craig Case,3/1/2021,1
600,10,CA,Rory Salinas,3/3/2021,1
601,5,MO,Adelyn Washington,3/3/2021,1
602,10,TX,Gordon Chung,3/3/2021,1
603,4,NY,Braydon Bartlett,3/3/2021,1
604,10,NY,Landin Powers,3/3/2021,1
605,8,NY,Corey Wyatt,3/5/2021,1
606,8,NY,Daniela Rivas,3/5/2021,1
607,5,IL,Deandre Vega,3/5/2021,1
608,8,CA,Tobias Poole,3/6/2021,0
609,9,NY,Madelynn Greer,3/7/2021,1
610,10,WA,Tate Morales,3/7/2021,1
611,5,NY,Zoey Hurley,3/8/2021,1
612,8,NY,Kyle Pace,3/9/2021,1
613,6,IL,Jordyn Quinn,3/9/2021,1
614,4,CA,Elyse Villanueva,3/10/2021,1
615,8,FL,Renee Tate,3/10/2021,1
616,6,IL,Andre Cole,3/10/2021,1
617,6,AZ,Cruz Hoffman,3/10/2021,0
618,9,NY,Amelie Hurley,3/11/2021,0
619,4,IL,Jazlynn Long,3/11/2021,1
620,3,CA,Enzo York,3/12/2021,1
621,8,NY,Taliyah Dickson,3/12/2021,1
622,8,NY,Elsa Kennedy,3/13/2021,1
623,6,NY,Maeve Forbes,3/13/2021,0
624,2,KY,Jacoby Browning,3/14/2021,1
625,8,TX,Guillermo Freeman,3/14/2021,1
626,10,NY,Ryland Knox,3/14/2021,1
627,5,TX,Alyson Lam,3/14/2021,1
628,6,IL,Sylvia Pace,3/14/2021,1
629,7,NY,Frances Russell,3/15/2021,1
630,1,KY,Lea May,3/15/2021,0
631,10,TX,Lauryn Waller,3/16/2021,0
632,5,NY,Donavan Waters,3/16/2021,1
633,6,NY,Kathy Morrow,3/16/2021,1
634,5,WA,Isai Cain,3/17/2021,1
635,7,AZ,River Barrett,3/17/2021,1
636,9,CA,Deon Thornton,3/17/2021,1
637,5,NY,Lilah Mcfarland,3/17/2021,0
638,5,IL,Vanessa Hale,3/18/2021,1
639,6,IL,Jasmine Blankenship,3/18/2021,1
640,9,TX,Johnathan Shepard,3/18/2021,1
641,10,NY,Aleena Moyer,3/18/2021,1
642,7,PA,Deshawn Boone,3/19/2021,1
643,5,WA,Kaleb Nunez,3/19/2021,1
644,6,AZ,Rogelio Hutchinson,3/19/2021,1
645,8,AZ,Itzel Greer,3/20/2021,1
646,9,NY,Elvis Cherry,3/20/2021,1
647,6,CA,Riley Buck,3/20/2021,0
648,6,IL,Alaina Quinn,3/22/2021,1
649,10,NY,Zane Lara,3/22/2021,1
650,8,NY,Everett Griffin,3/23/2021,1
651,8,IL,Mohamed Vargas,3/23/2021,0
652,4,NY,Keyon Shepherd,3/23/2021,1
653,9,NY,Deshawn Kerr,3/25/2021,1
654,9,CA,Cordell Hughes,3/25/2021,1
655,9,NY,Raul Pitts,3/26/2021,0
656,8,AZ,Precious Young,3/28/2021,1
657,7,TX,Stacy Reed,3/28/2021,1
658,6,NY,Edward Leblanc,3/28/2021,1
659,10,NY,Jonas Leon,3/28/2021,1
660,7,NY,Abby Allen,3/28/2021,0
661,9,CA,Dexter Reid,3/28/2021,1
662,8,TX,Sarai Rich,3/29/2021,1
663,9,NY,Kyle Best,3/29/2021,0
664,3,NY,Alia Kerr,3/30/2021,1
665,7,NY,Jaslene Santiago,4/1/2021,1
666,7,AZ,Regan Sullivan,4/1/2021,1
667,7,FL,Ansley Riddle,4/1/2021,1
668,5,NY,Gaven Mcbride,4/2/2021,1
669,10,NY,Ashleigh Cobb,4/2/2021,1
670,7,AZ,Leonidas Delacruz,4/3/2021,1
671,7,IL,Coby Lara,4/3/2021,1
672,6,IL,Claudia Reid,4/3/2021,0
673,7,NY,Lucas Contreras,4/3/2021,0
674,5,NY,Chana Cordova,4/3/2021,1
675,9,CA,Abel Freeman,4/3/2021,1
676,8,NY,Giovani Dodson,4/3/2021,0
677,2,AZ,Jair Michael,4/3/2021,1
678,6,NY,Tyson Hartman,4/4/2021,1
679,5,NY,Rory Jefferson,4/4/2021,1
680,6,HI,Luis Hodge,4/4/2021,0
681,9,IL,Peyton Hahn,4/5/2021,1
682,9,NY,Rocco Harrell,4/5/2021,0
683,4,CA,Alina Blackwell,4/6/2021,1
684,3,NY,Yair Vaughn,4/8/2021,1
685,5,WA,Lilianna Byrd,4/8/2021,0
686,6,CA,Davis Walton,4/10/2021,1
687,7,NY,Tamia Horn,4/10/2021,1
688,6,NY,Kamora Howard,4/10/2021,1
689,8,NY,Luciano Wang,4/11/2021,1
690,7,TX,Rihanna Waller,4/11/2021,1
691,7,AZ,Keyon Cuevas,4/11/2021,1
692,6,DC,Konner Tucker,4/11/2021,1
693,9,CA,Selina Mullins,4/12/2021,0
694,2,IL,Ella Cunningham,4/12/2021,1
695,8,FL,Taylor Juarez,4/12/2021,1
696,8,AZ,Braeden Yang,4/12/2021,1
697,8,NY,Genevieve Terrell,4/13/2021,1
698,8,IL,Mariela Boyer,4/15/2021,1
699,9,CA,Darren Weiss,4/16/2021,1
700,4,PA,Enrique Buck,4/16/2021,1
701,6,NY,Collin Esparza,4/17/2021,1
702,8,NY,Bo Berger,4/17/2021,1
703,6,AZ,Wilson Foley,4/17/2021,1
704,6,IL,Vanessa Lewis,4/18/2021,1
705,5,NY,Patrick Kennedy,4/18/2021,1
706,9,NY,Omar Moody,4/19/2021,1
707,4,DC,Natalie Buck,4/19/2021,1
708,2,NY,Kenley Lambert,4/19/2021,1
709,4,AZ,Brylee Wilcox,4/20/2021,1
710,6,CO,Ace Hahn,4/20/2021,0
711,6,AZ,Jadyn Dudley,4/20/2021,1
712,9,DC,Liliana Doyle,4/20/2021,1
713,6,TX,Shyanne Myers,4/20/2021,1
714,8,NY,Addyson Logan,4/20/2021,1
715,7,IL,Ethan Lowe,4/21/2021,1
716,5,AZ,Justus Curry,4/22/2021,1
717,5,NY,Miah Higgins,4/22/2021,1
718,7,NY,Yandel Turner,4/22/2021,1
719,10,NY,Trevon Sanford,4/23/2021,0
720,10,IL,Theodore Klein,4/23/2021,1
721,10,TX,Shayna Duke,4/23/2021,1
722,9,NY,Dulce Figueroa,4/23/2021,0
723,9,NY,Kasey Richard,4/23/2021,0
724,6,NY,Julius Terrell,4/23/2021,1
725,4,NY,Romeo Hardy,4/23/2021,1
726,10,AZ,Gaven Holmes,4/23/2021,0
727,3,AZ,Sullivan Norris,4/24/2021,0
728,5,NY,Rebecca Ochoa,4/24/2021,0
729,6,NY,Kayleigh Fleming,4/25/2021,1
730,5,CA,Matilda Curtis,4/25/2021,1
731,4,TX,Braylon Weber,4/25/2021,1
732,10,TX,Livia Cowan,4/25/2021,1
733,6,IL,Tristian Foley,4/26/2021,1
734,4,TX,Nathalia Cooper,4/27/2021,0
735,4,NY,Aria Leonard,4/27/2021,1
736,6,NY,Paisley Jackson,4/28/2021,1
737,6,NY,Marlon Howard,4/28/2021,1
738,8,IL,Dashawn Dennis,4/29/2021,1
739,7,TX,Mohamed Barnett,4/29/2021,1
740,4,AZ,Arjun Hood,4/30/2021,1
741,7,AZ,Kiley Hardy,4/30/2021,1
742,10,GA,Kylan Mahoney,4/30/2021,0
743,9,NY,Lincoln Allison,5/1/2021,1
744,6,IL,Camille Forbes,5/1/2021,1
745,6,AZ,Harold Robinson,5/1/2021,1
746,6,NY,Jamarcus Jimenez,5/2/2021,1
747,5,IL,Slade Irwin,5/3/2021,1
748,10,PA,Makena Baxter,5/3/2021,1
749,8,AZ,Cristian Duarte,5/3/2021,1
750,4,NY,Abraham Eaton,5/3/2021,0
751,5,CA,Connor Bell,5/3/2021,0
752,7,DC,Caitlyn Medina,5/3/2021,1
753,5,NY,Nicole Sparks,5/3/2021,1
754,6,CA,Karson Clarke,5/4/2021,1
755,9,NY,Luke Rivera,5/4/2021,1
756,6,IL,Marin Nielsen,5/5/2021,1
757,1,NY,Litzy Mccarthy,5/5/2021,1
758,1,CA,Yahir Patterson,5/5/2021,0
759,2,NY,Samuel Pratt,5/8/2021,0
760,4,CA,Yazmin Espinoza,5/8/2021,0
761,8,NY,Elle Rodgers,5/9/2021,1
762,7,TX,Guillermo Kennedy,5/9/2021,1
763,5,NY,Scarlet Escobar,5/9/2021,1
764,8,CA,Azul Ho,5/9/2021,1
765,7,IL,Jasper Pugh,5/10/2021,1
766,8,NY,Krish Beasley,5/10/2021,1
767,9,IL,Hanna Davenport,5/10/2021,1
768,9,NY,Nikhil Cole,5/10/2021,1
769,3,NY,Kristian Murphy,5/11/2021,0
770,7,NY,Bridget Erickson,5/11/2021,1
771,8,WA,Amare Scott,5/11/2021,1
772,4,NY,Finley Coffey,5/11/2021,1
773,4,NY,Kiley Clayton,5/11/2021,1
774,7,CA,Trystan Nguyen,5/12/2021,1
775,7,RI,Ashlee Lopez,5/12/2021,0
776,9,AZ,Teresa Benson,5/13/2021,0
777,5,IL,Anika Faulkner,5/13/2021,1
778,7,CA,King Garrett,5/13/2021,1
779,6,NY,Reilly Pena,5/13/2021,1
780,8,AZ,Nathalia Kaufman,5/13/2021,1
781,2,NY,Nick Casey,5/15/2021,1
782,6,NY,Aidyn Burch,5/15/2021,1
783,10,IL,Araceli Jefferson,5/15/2021,0
784,7,CA,Cooper Hardy,5/15/2021,1
785,6,NY,Samuel Frederick,5/15/2021,1
786,6,CA,Gaven Wiggins,5/16/2021,1
787,1,NY,Jaron Moreno,5/16/2021,0
788,9,NY,Cristofer Michael,5/16/2021,1
789,6,IL,Bronson Hodge,5/16/2021,0
790,8,NY,Sanai Anderson,5/17/2021,0
791,10,NY,Heidi Hanson,5/17/2021,1
792,5,CA,Felix Willis,5/17/2021,1
793,6,CA,Parker Trevino,5/18/2021,1
794,9,AZ,Elianna Frost,5/18/2021,1
795,5,CA,Selah Meza,5/18/2021,0
796,7,CA,Taylor Howell,5/19/2021,1
797,7,AZ,Anya Carson,5/19/2021,1
798,8,CA,Jacqueline Horn,5/20/2021,1
799,9,NY,Clara Vega,5/20/2021,1
800,9,CA,Immanuel Choi,5/20/2021,1
801,6,NY,Mohammed Mosley,5/20/2021,1
802,7,AZ,Danna Holland,5/20/2021,0
803,8,AZ,Dominik Cabrera,5/21/2021,1
804,6,NY,Averie Lawson,5/21/2021,1
805,2,IL,Monserrat Trevino,5/22/2021,1
806,10,IL,Cadence Barber,5/22/2021,1
807,9,NY,Donavan Berry,5/22/2021,1
808,4,NY,Joanna Vang,5/22/2021,0
809,4,NY,Jaylon Hawkins,5/23/2021,0
810,6,NY,Roderick Tate,5/24/2021,1
811,7,IL,Sarah Rodgers,5/24/2021,1
812,8,NY,Keely Donaldson,5/24/2021,0
813,7,CA,Ella Andrade,5/25/2021,1
814,10,CO,Brady Franklin,5/26/2021,0
815,2,NY,Davin Jimenez,5/27/2021,1
816,8,NY,Bailey Lindsey,5/27/2021,1
817,4,IL,Gregory Lamb,5/28/2021,1
818,3,TX,Kash Riggs,5/28/2021,1
819,6,MS,Libby Downs,5/29/2021,0
820,5,NY,Calvin Ruiz,5/30/2021,0
821,4,NY,Aubrey Russell,5/30/2021,1
822,2,NY,Lilia Long,5/30/2021,1
823,10,NY,Yael Mathews,5/30/2021,1
824,4,NY,Melina Mccullough,5/30/2021,1
825,6,CA,Terrence Valencia,5/30/2021,1
826,9,AZ,Frank Goodman,5/31/2021,1
827,9,CA,Aniya Mason,5/31/2021,0
828,8,NY,Neveah Barajas,6/1/2021,1
829,7,NY,Kyleigh Klein,6/1/2021,1
830,6,AZ,Mylie West,6/1/2021,1
831,7,NY,Gaven Scott,6/1/2021,0
832,8,NY,Darnell Rollins,6/2/2021,1
833,6,NY,Javon Yoder,6/2/2021,1
834,8,NY,Haley Phelps,6/2/2021,1
835,6,NY,Gaige Ortega,6/2/2021,1
836,4,TX,Yamilet Bradley,6/2/2021,1
837,5,NY,Kaia Collier,6/2/2021,0
838,7,IL,Chelsea Burton,6/2/2021,1
839,3,CA,Reginald Cochran,6/3/2021,1
840,2,CA,Dale Meadows,6/3/2021,0
841,8,KS,Regina Ibarra,6/3/2021,1
842,7,FL,Conner Tapia,6/4/2021,1
843,10,NY,Jon Mcconnell,6/5/2021,0
844,1,VA,Arielle Stout,6/5/2021,1
845,9,NY,Ethen Clements,6/5/2021,0
846,1,AZ,Macey Blackburn,6/5/2021,0
847,5,NY,Vaughn Reed,6/7/2021,1
848,10,NY,Kallie Caldwell,6/7/2021,1
849,7,NY,Karson Mann,6/7/2021,1
850,7,NY,Shelby Hays,6/7/2021,0
851,6,KY,Carly Johnston,6/8/2021,0
852,5,FL,Savion Gilbert,6/8/2021,1
853,8,NY,Bo Harris,6/8/2021,0
854,8,AZ,Lawrence Barron,6/9/2021,1
855,6,FL,Kody Yang,6/10/2021,1
856,9,MT,Mylee Klein,6/10/2021,1
857,4,IL,Quinten Holder,6/10/2021,1
858,1,NY,Sebastian Scott,6/10/2021,1
859,10,NY,Howard Gay,6/10/2021,1
860,6,NY,Allyson Yoder,6/11/2021,1
861,4,NY,Lisa Murphy,6/11/2021,1
862,6,NY,Rogelio Randall,6/11/2021,1
863,6,NY,Julie Chambers,6/12/2021,1
864,5,CA,Ethan Strong,6/13/2021,1
865,9,IL,Cesar Schwartz,6/13/2021,1
866,9,NY,Aiyana Valencia,6/14/2021,1
867,2,NY,Jovany Ford,6/14/2021,1
868,8,NY,Savanna Gibbs,6/14/2021,0
869,3,TX,Neil Hoffman,6/15/2021,1
870,8,NY,Keshawn Krueger,6/15/2021,1
871,2,CA,Hassan Hull,6/15/2021,0
872,9,IL,Derek Barr,6/15/2021,1
873,9,NY,Derick Washington,6/15/2021,1
874,6,NY,Samantha Odom,6/16/2021,1
875,2,IL,Payton Barry,6/16/2021,1
876,8,TX,Desmond Huff,6/16/2021,1
877,5,NY,Cale Meyers,6/17/2021,0
878,3,DC,Sandra Solis,6/17/2021,0
879,10,NY,Jaylyn Blackwell,6/17/2021,0
880,8,RI,Pranav Warren,6/17/2021,1
881,2,NY,Justine Garrison,6/18/2021,1
882,10,CA,Colten Wilkinson,6/18/2021,1
883,3,NY,Duncan Andrade,6/18/2021,1
884,9,NY,Amirah Oconnell,6/19/2021,1
885,2,AZ,Moises Blankenship,6/19/2021,0
886,8,OK,Lyric Hebert,6/19/2021,1
887,5,NY,Ruth Rocha,6/19/2021,1
888,5,CA,Scott Erickson,6/19/2021,1
889,5,NY,Krystal Peck,6/19/2021,1
890,3,IL,Corey Johnson,6/19/2021,1
891,2,TX,Kaleigh Calhoun,6/20/2021,1
892,5,NY,Tate Sampson,6/21/2021,1
893,9,CA,Antoine Mercado,6/21/2021,0
894,9,CA,Daniel Mitchell,6/22/2021,1
895,6,WA,Emilio Stephens,6/23/2021,0
896,6,NY,Micheal Wise,6/23/2021,1
897,9,IL,Adam Hartman,6/23/2021,1
898,3,NY,Jaylee Bender,6/24/2021,0
899,4,CA,George Buckley,6/24/2021,1
900,2,IL,Mikaela Jackson,6/24/2021,0
901,8,AZ,Griffin Bowman,6/25/2021,0
902,8,CA,Alisa Donovan,6/25/2021,1
903,5,TX,Jamal Thomas,6/26/2021,1
904,4,IL,Dillan Evans,6/26/2021,1
905,2,IL,Keira Lucero,6/26/2021,1
906,5,NY,Landen Everett,6/27/2021,1
907,8,IL,Sherlyn Rich,6/27/2021,1
908,9,NY,Arely Benitez,6/27/2021,1
909,8,NY,Krish Hicks,6/27/2021,1
910,2,CA,Jase Brandt,6/28/2021,1
911,8,NY,Shane Hammond,6/28/2021,1
912,8,NY,Mckenna Bowers,6/28/2021,1
913,7,NY,Kamryn Collins,6/29/2021,1
914,8,NY,Jordyn Bush,6/29/2021,1
915,5,AZ,Averie Kramer,6/29/2021,0
916,9,CA,Steven Mckenzie,6/29/2021,1
917,6,TX,Lila Carpenter,6/30/2021,1
918,3,CA,Lyric Woodard,6/30/2021,1
919,5,IL,Malachi Wong,6/30/2021,1
920,4,IL,Averie Mcgrath,6/30/2021,1
921,6,NY,Kathryn Moreno,6/30/2021,1
922,10,NY,Jonah Lindsey,7/1/2021,0
923,6,TX,Laney Galloway,7/1/2021,1
924,10,NY,Trevin Hardin,7/2/2021,0
925,7,TX,Brisa Fields,7/2/2021,1
926,9,CA,Alonzo Pitts,7/2/2021,1
927,7,MN,Lilianna Arias,7/3/2021,0
928,1,AZ,Tucker Rogers,7/3/2021,0
929,6,NY,Yasmine Booth,7/3/2021,0
930,5,AZ,Lucy Hoover,7/3/2021,1
931,8,CA,Nathen Mathews,7/3/2021,1
932,8,CA,Steven Simon,7/3/2021,1
933,4,DC,Cadence Salazar,7/4/2021,0
934,8,NY,Jazlynn Mathis,7/4/2021,1
935,8,IL,Ronin Moody,7/4/2021,1
936,5,CA,Orion Bryant,7/4/2021,1
937,5,CA,Amira Butler,7/5/2021,1
938,5,NY,Allie Austin,7/5/2021,1
939,5,AZ,Milton Baldwin,7/5/2021,1
940,6,NY,Nancy Crane,7/5/2021,1
941,7,NY,Chaim Bird,7/5/2021,1
942,4,WA,Riya Mcgee,7/6/2021,1
943,5,CA,Javon Nelson,7/6/2021,1
944,9,IL,Larissa Fox,7/6/2021,1
945,2,WA,Kareem Miles,7/6/2021,0
946,6,NY,Shaylee Bender,7/7/2021,1
947,5,AZ,Angelo David,7/7/2021,0
948,6,NC,Tabitha Estes,7/7/2021,1
949,5,NY,Travis Yu,7/7/2021,1
950,5,NY,Craig Booth,7/7/2021,1
951,9,TX,Amari Warren,7/7/2021,1
952,3,AZ,Dominique Travis,7/8/2021,0
953,7,AZ,Raelynn Griffith,7/8/2021,1
954,6,CO,Chasity Wallace,7/9/2021,1
955,8,AZ,Emery Brock,7/9/2021,1
956,6,NY,Tristian Matthews,7/9/2021,1
957,6,NY,Brayan Spence,7/9/2021,1
958,6,AZ,Anton Hill,7/9/2021,1
959,8,NY,Max Benjamin,7/10/2021,1
960,4,AZ,Teresa Sparks,7/10/2021,0
961,6,TX,Finley Webb,7/11/2021,1
962,8,TX,Nikolai Chandler,7/11/2021,1
963,10,NY,Bianca Hudson,7/11/2021,1
964,8,NY,Kamora Mcclain,7/12/2021,1
965,8,IL,Jaylan Camacho,7/13/2021,1
966,7,CA,Dillan Leblanc,7/13/2021,1
967,7,CA,Monserrat Francis,7/13/2021,1
968,9,WA,India Bradshaw,7/13/2021,1
969,7,NY,Pedro Carroll,7/14/2021,1
970,5,TX,Josiah Stewart,7/14/2021,1
971,6,TX,Jamiya Chaney,7/14/2021,1
972,9,NY,Rudy Peters,7/15/2021,1
973,5,FL,Antoine Frost,7/15/2021,0
974,9,IL,Mariana Fields,7/15/2021,1
975,7,IL,Benjamin Donaldson,7/15/2021,1
976,3,NY,Alisson Walker,7/15/2021,0
977,9,TX,Aleah Jennings,7/16/2021,0
978,9,FL,Raquel Lopez,7/16/2021,1
979,4,TX,Miranda Cobb,7/16/2021,1
980,9,AZ,Haleigh Maldonado,7/17/2021,1
981,4,AZ,Christopher Andrade,7/18/2021,1
982,6,NY,Leroy Delgado,7/18/2021,1
983,6,NY,Thalia Dawson,7/18/2021,0
984,9,NY,Carson Tucker,7/18/2021,0
985,5,WA,Van Frost,7/18/2021,1
986,4,NY,Krish Garrett,7/19/2021,1
987,9,TX,Atticus Moreno,7/20/2021,1
988,5,CA,Ireland Delacruz,7/20/2021,0
989,8,NY,Alec Richardson,7/20/2021,1
990,1,WA,Maximus Ray,7/21/2021,1
991,6,PA,Helen Ryan,7/21/2021,1
992,5,TX,Evie Mayo,7/21/2021,0
993,7,NY,Harley Griffith,7/21/2021,1
994,8,CA,Clinton Brewer,7/22/2021,1
995,9,CA,Nicole Russell,7/22/2021,1
996,8,IL,Journey Owens,7/22/2021,1
997,4,NY,Arielle Michael,7/23/2021,1
998,3,NY,Dakota Arias,7/23/2021,1
999,8,NY,Marlene Dennis,7/24/2021,1
1000,6,IL,Bronson Castillo,7/24/2021,1
1001,5,IL,Jorge Fuentes,7/25/2021,1
1002,4,AZ,Jayleen Lopez,7/25/2021,0
1003,4,IL,Oswaldo Brandt,7/25/2021,1
1004,8,IL,Kathleen Diaz,7/25/2021,1
1005,9,IL,Allyson Baker,7/26/2021,1
1006,7,NY,Kayla Cameron,7/27/2021,1
1007,3,NY,Randy Sullivan,7/27/2021,0
1008,2,NY,Jerome Grimes,7/27/2021,0
1009,4,OK,Nathanial Coleman,7/27/2021,1
1010,5,CA,Jalen Mills,7/27/2021,0
1011,10,AZ,Jocelyn Underwood,7/28/2021,1
1012,7,CO,Joanna Graves,7/28/2021,1
1013,8,AZ,Thomas Bass,7/28/2021,1
1014,8,IL,Roman Meza,7/28/2021,1
1015,9,IL,Russell Duke,7/28/2021,1
1016,7,NY,Kian Charles,7/29/2021,0
1017,6,IL,Makena Hart,7/29/2021,1
1018,5,AZ,Asher Norman,7/29/2021,1
1019,9,TX,Chasity Waters,7/29/2021,1
1020,5,NY,Hailey Walsh,7/29/2021,0
1021,6,NY,Asa Larson,7/30/2021,0
1022,5,NY,Winston Ortega,7/31/2021,1
1023,9,NY,Kyla Nicholson,7/31/2021,0
1024,6,NY,Steven Pennington,7/31/2021,1
1025,6,IL,Keegan Mejia,7/31/2021,1
1026,7,CA,Precious Griffin,7/31/2021,1
1027,6,AZ,Audrey Horton,7/31/2021,1
1028,5,IL,Hadassah Rush,7/31/2021,1
1029,9,IL,Raina Holland,8/1/2021,0
1030,4,IN,Josue Ingram,8/1/2021,0
1031,5,NY,Amber Fletcher,8/1/2021,0
1032,6,NY,Eileen Lester,8/1/2021,1
1033,8,NY,Faith Mora,8/1/2021,1
1034,6,NY,Tatum Pollard,8/2/2021,1
1035,5,NY,Kyleigh Mcdonald,8/2/2021,0
1036,9,NY,Bailey Spence,8/2/2021,1
1037,5,IL,Niko Black,8/2/2021,0
1038,4,NY,Jaron Lynn,8/2/2021,0
1039,6,PA,Izabelle David,8/3/2021,1
1040,4,NY,John White,8/3/2021,1
1041,6,NY,Alyssa Owen,8/3/2021,1
1042,6,AZ,Kaeden Duke,8/3/2021,1
1043,5,PA,Rogelio Rose,8/3/2021,1
1044,6,AZ,Jamir Orr,8/3/2021,1
1045,10,IL,Kaleb Huff,8/3/2021,1
1046,8,IL,Karson Olsen,8/4/2021,1
1047,7,CA,Kamren Vaughan,8/4/2021,1
1048,7,TX,Renee Rich,8/4/2021,1
1049,5,CA,Hassan Goodman,8/4/2021,1
1050,10,IL,Bria Randall,8/5/2021,1
1051,10,CA,Aryan Woodard,8/5/2021,0
1052,4,CA,Aryan Medina,8/5/2021,1
1053,6,IL,Yoselin Ryan,8/6/2021,1
1054,7,TX,Macey Booker,8/6/2021,1
1055,5,MO,Jocelynn Watts,8/6/2021,0
1056,6,CA,Rex Ruiz,8/6/2021,1
1057,5,IL,Cassandra Braun,8/6/2021,1
1058,9,NY,Erick Mann,8/7/2021,0
1059,4,IL,Mollie Malone,8/7/2021,1
1060,7,IL,Hector Ho,8/7/2021,1
1061,10,CA,Reilly Dunlap,8/7/2021,1
1062,8,NY,Thaddeus Farmer,8/7/2021,1
1063,3,IL,Gerardo Parker,8/7/2021,0
1064,10,IL,Saul Morse,8/8/2021,0
1065,7,IL,Kassandra Odonnell,8/8/2021,0
1066,4,CA,Tyson Krause,8/8/2021,1
1067,7,AZ,Dawson Crosby,8/9/2021,1
1068,9,AZ,Elliana Strong,8/9/2021,0
1069,8,IL,Carter Carson,8/9/2021,1
1070,5,AZ,Pamela Thornton,8/9/2021,1
1071,6,CA,Denise Alvarado,8/9/2021,1
1072,7,NY,Richard Lee,8/9/2021,1
1073,9,IL,Brayden Esparza,8/10/2021,1
1074,6,TX,Savion Hicks,8/10/2021,1
1075,3,CA,Ralph Orozco,8/11/2021,1
1076,10,CA,Gordon Frazier,8/11/2021,1
1077,9,CA,Trinity Shields,8/12/2021,1
1078,2,IL,Carley Stein,8/12/2021,1
1079,2,NY,Evelin Kennedy,8/13/2021,1
1080,6,IL,Octavio Norris,8/13/2021,0
1081,8,NY,Stephany Holmes,8/13/2021,1
1082,10,CA,Pedro Neal,8/13/2021,1
1083,5,IL,Rihanna Palmer,8/14/2021,1
1084,10,NY,Katie Savage,8/14/2021,1
1085,9,NY,Pierre Newton,8/14/2021,1
1086,4,TX,Dane Sandoval,8/14/2021,1
1087,7,NY,Moses Day,8/14/2021,1
1088,5,OH,Henry Baird,8/14/2021,1
1089,9,IL,Katelyn Fox,8/15/2021,1
1090,6,NY,Micaela Rangel,8/15/2021,1
1091,1,TX,Memphis Baird,8/15/2021,1
1092,9,AZ,Damaris Peterson,8/15/2021,1
1093,9,NY,Jaelynn Riggs,8/15/2021,1
1094,10,IL,Harley Faulkner,8/15/2021,0
1095,8,IL,Marie Ali,8/16/2021,0
1096,9,NY,Brennen Lane,8/16/2021,1
1097,7,CA,Tony Schroeder,8/17/2021,1
1098,7,NY,Giada Vincent,8/18/2021,1
1099,10,NY,Emerson French,8/18/2021,1
1100,7,CA,Prince Walter,8/18/2021,0
1101,3,CA,Maliyah Ortega,8/19/2021,1
1102,7,NY,Dayanara Keller,8/19/2021,0
1103,9,IL,Dylan Wallace,8/20/2021,1
1104,6,AZ,Erika Clayton,8/20/2021,1
1105,4,NY,Gunner Orozco,8/20/2021,0
1106,10,IL,Margaret Barnes,8/20/2021,1
1107,9,CA,America Werner,8/22/2021,1
1108,10,TX,Kaylee Gross,8/22/2021,0
1109,6,VA,Saul Mckee,8/23/2021,1
1110,4,CA,Roy Cisneros,8/23/2021,1
1111,8,NY,Elliott Roy,8/23/2021,0
1112,3,IL,Ivy Molina,8/24/2021,1
1113,1,NE,Macie Cantrell,8/24/2021,0
1114,4,AZ,Lauren Malone,8/24/2021,0
1115,7,IL,Leila Espinoza,8/25/2021,0
1116,8,TX,Scott Nolan,8/25/2021,1
1117,7,IL,Dillan Suarez,8/25/2021,0
1118,8,NY,Taniyah Acosta,8/25/2021,1
1119,8,CA,Itzel Weber,8/25/2021,1
1120,5,FL,Azul Dyer,8/26/2021,1
1121,10,IL,Sawyer Cantu,8/26/2021,1
1122,7,CA,Giovanny Nixon,8/26/2021,0
1123,10,NY,Valeria Nixon,8/26/2021,0
1124,10,IL,Malakai Wise,8/26/2021,1
1125,7,MD,Elsa Davila,8/26/2021,1
1126,9,NY,Ashtyn Parrish,8/26/2021,0
1127,6,NY,Skylar Russo,8/26/2021,1
1128,7,OK,Alvin Hooper,8/27/2021,0
1129,7,LA,Alondra Norris,8/27/2021,1
1130,8,CA,Lindsay Gill,8/27/2021,0
1131,5,NY,Danika Sims,8/27/2021,1
1132,6,IL,Draven Green,8/27/2021,0
1133,10,NY,Karen Coffey,8/28/2021,1
1134,6,CA,Oswaldo Shea,8/28/2021,1
1135,7,IL,Mariana Mason,8/28/2021,1
1136,5,NY,Shiloh Green,8/28/2021,1
1137,8,NY,Chloe Levy,8/28/2021,1
1138,2,NY,Joaquin Duffy,8/28/2021,1
1139,8,NM,Jamal Salinas,8/29/2021,1
1140,5,IL,Kaitlyn Woods,8/29/2021,0
1141,6,NY,Danica Roman,8/30/2021,1
1142,7,CA,Zion Petty,8/30/2021,1
1143,5,AZ,Houston Sherman,8/30/2021,1
1144,9,NY,Soren Larson,8/30/2021,1
1145,10,NY,Jaslyn Williams,8/31/2021,0
1146,10,NY,Brodie Huerta,8/31/2021,1
1147,5,AZ,Alexus Bird,8/31/2021,1
1148,10,CA,David Carroll,8/31/2021,1
1149,6,IL,Antonio Dominguez,9/1/2021,1
1150,6,CA,Brynn Decker,9/1/2021,1
1151,9,IL,Jamari Mitchell,9/2/2021,1
1152,6,CA,Simeon Rice,9/3/2021,1
1153,10,NY,Selah Hampton,9/3/2021,1
1154,4,OK,Aliya Wilkerson,9/3/2021,1
1155,1,IL,Jesse House,9/3/2021,0
1156,4,NY,Kash Andrade,9/3/2021,1
1157,1,NY,Zain Fritz,9/3/2021,0
1158,5,PA,Byron Cohen,9/3/2021,1
1159,5,MO,Colby Chang,9/3/2021,1
1160,8,NY,Jenna Payne,9/4/2021,1
1161,4,NY,Leyla Vang,9/4/2021,0
1162,9,IL,Karlee Farrell,9/4/2021,1
1163,8,AZ,Mattie Duarte,9/4/2021,1
1164,2,AZ,Draven Bauer,9/4/2021,1
1165,7,IL,Issac Mayo,9/4/2021,0
1166,8,NY,Cael Zhang,9/5/2021,0
1167,5,NY,Nathan Love,9/5/2021,1
1168,10,NY,Gaige Evans,9/5/2021,0
1169,2,IL,Derick Valenzuela,9/5/2021,1
1170,6,NY,Misael Mcfarland,9/5/2021,1
1171,7,TX,Cooper Snyder,9/5/2021,1
1172,8,NY,Bobby Colon,9/6/2021,1
1173,6,CA,Marie Everett,9/6/2021,0
1174,7,IL,Abel Wright,9/6/2021,1
1175,6,IL,Royce Mason,9/6/2021,1
1176,4,AZ,Sincere Lamb,9/6/2021,1
1177,8,NY,Ishaan Briggs,9/7/2021,1
1178,6,OH,Valery Yates,9/7/2021,1
1179,7,IL,Hector Rangel,9/8/2021,0
1180,7,NY,Ada Mata,9/8/2021,1
1181,7,NY,Jayce Mercado,9/8/2021,1
1182,7,AZ,Mohammed Hoover,9/8/2021,1
1183,6,NY,Leonard Herman,9/8/2021,1
1184,9,NY,Immanuel Green,9/9/2021,1
1185,7,TX,Izabelle Pierce,9/9/2021,1
1186,2,NY,Madeleine Chavez,9/9/2021,0
1187,7,NY,Joe Duncan,9/9/2021,1
1188,7,NY,Cael Cross,9/10/2021,1
1189,1,NY,Tony Barrera,9/10/2021,1
1190,9,TX,Davin Dominguez,9/10/2021,1
1191,3,TX,Yuliana Wu,9/10/2021,1
1192,3,NY,Jaeden Webb,9/11/2021,0
1193,9,TX,Jamarcus Bruce,9/11/2021,1
1194,4,IL,Karter Hall,9/11/2021,1
1195,6,PA,Lilyana Flynn,9/11/2021,1
1196,7,PA,Anabella Mendez,9/11/2021,0
1197,9,NY,Cora Snyder,9/12/2021,1
1198,8,AZ,Glenn Ochoa,9/12/2021,0
1199,6,NY,Malia Chase,9/12/2021,0
1200,6,NY,Ariel Cole,9/13/2021,0
1201,10,PA,Jacquelyn Rich,9/13/2021,1
1202,7,TX,Evangeline Gill,9/13/2021,1
1203,5,IL,Everett Rollins,9/13/2021,1
1204,8,NY,Naomi Johns,9/13/2021,0
1205,10,CA,Madisyn Holder,9/13/2021,1
1206,4,NY,Karter Allen,9/13/2021,1
1207,6,IL,Aden Schaefer,9/13/2021,1
1208,6,NY,Karley Riley,9/14/2021,1
1209,7,IL,Phillip Randall,9/14/2021,0
1210,5,NY,Jazlyn Hubbard,9/14/2021,1
1211,8,CA,Phoebe Day,9/14/2021,1
1212,7,NY,Avery Jacobs,9/14/2021,1
1213,7,OH,Emely Wise,9/14/2021,1
1214,10,NY,Saul Adkins,9/15/2021,1
1215,5,TX,Rowan Pope,9/15/2021,1
1216,5,NY,Santiago Odonnell,9/15/2021,1
1217,5,OH,Aidyn Baird,9/15/2021,1
1218,6,NY,Marc Jimenez,9/16/2021,1
1219,7,NY,Julio Fisher,9/16/2021,1
1220,6,AZ,Deegan Allen,9/16/2021,1
1221,1,CA,Nancy Wolf,9/16/2021,1
1222,2,NY,Messiah Brady,9/16/2021,0
1223,8,CA,Nathanael Hale,9/16/2021,1
1224,6,AZ,Angelo Kane,9/16/2021,1
1225,4,IL,Jadyn Perez,9/18/2021,0
1226,7,NY,Laurel Pacheco,9/18/2021,1
1227,7,FL,Brooks Olson,9/18/2021,1
1228,6,KY,Jace Allen,9/18/2021,1
1229,6,IL,Stephany Fitzgerald,9/19/2021,1
1230,8,NY,Elisabeth Haynes,9/19/2021,1
1231,7,VA,Colton Goodman,9/19/2021,1
1232,2,CA,Braxton Sexton,9/19/2021,1
1233,2,NY,Valentin Herman,9/19/2021,1
1234,5,IL,Alice Arellano,9/19/2021,1
1235,2,NY,Corinne Hardin,9/20/2021,1
1236,6,NY,Mohamed Khan,9/20/2021,0
1237,6,AZ,Destinee Graham,9/20/2021,1
1238,10,IL,Heidy Villegas,9/21/2021,1
1239,2,NY,Parker Conley,9/21/2021,1
1240,2,NY,Carina Mathews,9/21/2021,0
1241,6,TX,Hana Orr,9/21/2021,1
1242,2,NY,Immanuel Calhoun,9/21/2021,1
1243,6,IL,Jerome Williamson,9/21/2021,1
1244,9,NM,Ignacio Molina,9/22/2021,1
1245,6,NY,Justine Snow,9/22/2021,1
1246,6,IL,Brian Thornton,9/22/2021,0
1247,5,AZ,Andrew Rivers,9/23/2021,1
1248,9,IL,Tyrese Davis,9/23/2021,1
1249,8,IL,Trevin Johns,9/23/2021,1
1250,6,IL,Madisyn Patterson,9/24/2021,1
1251,5,PA,Skyler Matthews,9/24/2021,1
1252,7,IL,Evangeline Stokes,9/25/2021,1
1253,7,CO,Abbigail Lamb,9/25/2021,0
1254,6,NY,Anika Perry,9/25/2021,1
1255,5,AZ,Clayton Park,9/25/2021,1
1256,6,IL,Paxton Irwin,9/25/2021,1
1257,9,TX,Finn Garrison,9/25/2021,1
1258,7,CA,Tatum Brady,9/26/2021,1
1259,6,TX,Kiana Skinner,9/26/2021,1
1260,10,NY,Koen Ramsey,9/26/2021,1
1261,9,TX,Salvador Nunez,9/27/2021,1
1262,6,CA,Yasmin Francis,9/27/2021,0
1263,5,AZ,Gracelyn Obrien,9/27/2021,1
1264,7,NY,Dylan Aguilar,9/27/2021,1
1265,5,IL,Denise Norman,9/27/2021,1
1266,7,NY,Silas Decker,9/27/2021,1
1267,8,NY,Enrique Pollard,9/28/2021,1
1268,5,CA,Jensen Payne,9/28/2021,1
1269,7,CA,Dillan Pham,9/28/2021,1
1270,1,IL,Catherine Fields,9/28/2021,1
1271,7,CA,Amina Mcgrath,9/28/2021,1
1272,8,CA,Patience Garrison,9/29/2021,1
1273,7,AZ,Cadence Knox,9/29/2021,0
1274,9,NY,Martin Porter,9/30/2021,1
1275,7,NY,Stacy Fitzpatrick,9/30/2021,1
1276,10,NY,Frankie Dodson,9/30/2021,0
1277,9,CA,Grace Cuevas,9/30/2021,1
1278,2,NY,Demarcus Huffman,9/30/2021,0
1279,10,CA,Violet Villa,9/30/2021,1
1280,1,IL,Jordon English,9/30/2021,1
1281,9,TX,Rex Hodges,10/1/2021,1
1282,3,NY,Nancy Bray,10/1/2021,1
1283,10,IL,Jovani Harmon,10/1/2021,1
1284,2,CA,Kristin Vaughan,10/1/2021,1
1285,2,NY,Zoie Frazier,10/2/2021,0
1286,8,NY,Wyatt Hansen,10/2/2021,0
1287,1,IL,Mitchell Hinton,10/2/2021,1
1288,4,NY,Cason Rollins,10/2/2021,1
1289,10,NY,Alison Atkinson,10/2/2021,0
1290,4,AZ,Turner Morrow,10/3/2021,1
1291,7,IL,Estrella Simmons,10/3/2021,0
1292,3,NY,Dominik Bruce,10/3/2021,0
1293,9,IL,Nataly Hampton,10/3/2021,0
1294,8,AZ,Dorian Booth,10/3/2021,1
1295,5,AZ,Aryana Richards,10/3/2021,1
1296,8,NY,America Lopez,10/3/2021,1
1297,6,AZ,Maxwell Stanton,10/4/2021,1
1298,7,AZ,Brady Bridges,10/5/2021,0
1299,5,NY,Koen Schroeder,10/5/2021,1
1300,4,IL,Bentley Stevens,10/5/2021,1
1301,1,IL,Sadie Morales,10/5/2021,1
1302,6,NY,Araceli Soto,10/5/2021,1
1303,8,CA,Mira Montoya,10/5/2021,1
1304,7,FL,Lexie Ray,10/6/2021,1
1305,5,AZ,Tanya Cannon,10/6/2021,1
1306,10,TX,Jerome Mcpherson,10/6/2021,1
1307,6,OK,Zackary Savage,10/7/2021,1
1308,5,IL,Alyvia Pitts,10/7/2021,1
1309,6,CA,Danika Wilson,10/7/2021,1
1310,10,TX,Marin Benjamin,10/7/2021,0
1311,1,IL,Andreas Calderon,10/7/2021,0
1312,5,NY,Emilio Shepard,10/7/2021,0
1313,9,CA,Sincere Bridges,10/7/2021,1
1314,9,AZ,Ralph Gray,10/7/2021,0
1315,8,CA,Hailie Hudson,10/7/2021,1
1316,6,CA,Priscilla Macdonald,10/7/2021,0
1317,7,CA,Sierra Rangel,10/8/2021,1
1318,3,CA,Urijah Beck,10/8/2021,0
1319,8,CA,Shania Clark,10/8/2021,1
1320,2,TX,Dayton Finley,10/9/2021,0
1321,9,AZ,Deandre Reilly,10/9/2021,0
1322,10,NY,Octavio Rivera,10/9/2021,1
1323,6,NY,Jon Estes,10/9/2021,1
1324,3,NY,Kianna Tucker,10/9/2021,1
1325,7,AZ,Rayne Pruitt,10/9/2021,1
1326,8,NY,Kole Flowers,10/9/2021,1
1327,5,IL,Landin Horn,10/10/2021,1
1328,6,NY,Kaiden Wilkinson,10/10/2021,1
1329,10,NY,Andy Travis,10/11/2021,1
1330,9,IL,Kamren Hebert,10/11/2021,1
1331,8,AZ,Abagail Jones,10/11/2021,1
1332,9,CA,Gilbert Mcdaniel,10/11/2021,1
1333,6,KY,Lukas Baldwin,10/12/2021,1
1334,1,IL,Scarlet Yang,10/12/2021,0
1335,8,IL,Benjamin Hernandez,10/12/2021,1
1336,5,IL,Jayson Cruz,10/12/2021,1
1337,10,IL,Raul Edwards,10/12/2021,1
1338,7,TN,Theodore Frye,10/12/2021,1
1339,6,IL,Moses Horne,10/12/2021,0
1340,9,CA,Dillan Duke,10/12/2021,0
1341,4,IL,Colten Riggs,10/12/2021,0
1342,7,IL,Emerson Schmidt,10/13/2021,0
1343,7,IL,Roberto Riggs,10/13/2021,1
1344,8,NY,Marely Ewing,10/13/2021,1
1345,7,IL,Braden Shaffer,10/13/2021,1
1346,6,VA,Leia Townsend,10/13/2021,1
1347,10,NY,Jocelyn Fuentes,10/14/2021,1
1348,6,NY,Branden Cordova,10/14/2021,1
1349,4,NY,Yaritza Gilbert,10/14/2021,1
1350,8,NY,Porter Valdez,10/14/2021,1
1351,5,NY,Jude Mcmillan,10/15/2021,1
1352,7,IL,Ethan Weaver,10/15/2021,1
1353,7,IL,Destinee Duffy,10/15/2021,0
1354,6,WA,Carl Barnett,10/15/2021,1
1355,7,IL,Richard Ortiz,10/16/2021,1
1356,8,NY,Noah Marks,10/16/2021,1
1357,10,AZ,Sharon Dawson,10/16/2021,1
1358,9,NY,Eden Miles,10/16/2021,1
1359,9,FL,Brenda Jones,10/16/2021,1
1360,10,NY,Kathy Knox,10/16/2021,1
1361,6,PA,Jamarcus Nichols,10/17/2021,0
1362,2,AZ,Azaria Patterson,10/17/2021,1
1363,7,NY,Miya Kelley,10/17/2021,1
1364,9,IL,Natalee Villegas,10/17/2021,1
1365,2,CA,Gilberto Davis,10/18/2021,1
1366,9,NY,Neil Chung,10/19/2021,1
1367,5,NY,Ian Carney,10/19/2021,1
1368,5,IL,Raegan Orozco,10/19/2021,1
1369,9,NY,Lukas Dalton,10/19/2021,1
1370,7,NY,Ibrahim White,10/19/2021,1
1371,10,CA,Haley Ford,10/19/2021,1
1372,10,NY,Milagros Gilmore,10/20/2021,0
1373,5,NY,Braiden Cordova,10/20/2021,1
1374,6,IL,Cassie Stuart,10/20/2021,0
1375,9,NY,Zayden Ochoa,10/20/2021,1
1376,7,CA,Reina Rush,10/20/2021,1
1377,8,NY,Carla Watkins,10/20/2021,0
1378,8,IL,Alivia Hudson,10/21/2021,1
1379,10,TX,Zander Gray,10/21/2021,0
1380,6,CA,Keyon Browning,10/21/2021,1
1381,5,NY,Xiomara Delgado,10/21/2021,1
1382,10,NY,Josiah Price,10/22/2021,1
1383,1,CA,Fiona Durham,10/22/2021,1
1384,3,TX,Joey Tapia,10/22/2021,1
1385,8,KY,Hayley Turner,10/22/2021,1
1386,7,NY,Jorge Donovan,10/22/2021,1
1387,5,AZ,Joe Proctor,10/22/2021,1
1388,7,IL,Naima Jacobs,10/23/2021,1
1389,7,IL,Nash Hardy,10/23/2021,1
1390,8,IL,Valentino Park,10/23/2021,1
1391,4,NY,Alexa Herring,10/23/2021,0
1392,10,TX,Damian Stewart,10/24/2021,1
1393,6,NY,Charlee Carney,10/24/2021,1
1394,1,IL,Camden Duncan,10/24/2021,1
1395,7,AZ,Alyvia Erickson,10/24/2021,1
1396,5,NY,Jayvion Tran,10/24/2021,1
1397,2,CA,Seth Sparks,10/25/2021,1
1398,10,AZ,Aracely Cardenas,10/25/2021,1
1399,6,TX,Amber Spencer,10/25/2021,1
1400,6,IL,Nathaniel Madden,10/25/2021,1
1401,9,IL,Zechariah Barrett,10/25/2021,0
1402,5,NY,Howard Welch,10/26/2021,1
1403,8,WA,Cindy Manning,10/26/2021,1
1404,9,CA,Kasen Hughes,10/26/2021,0
1405,7,IL,Duncan Riggs,10/26/2021,1
1406,4,FL,Tara Swanson,10/27/2021,1
1407,10,AZ,Andres Glenn,10/27/2021,1
1408,9,IL,Krish Rivera,10/27/2021,1
1409,10,NY,Wade Woodward,10/27/2021,1
1410,1,NY,Celia Bowers,10/27/2021,0
1411,7,NY,Lailah Gomez,10/28/2021,1
1412,10,NY,Caleb Kaufman,10/28/2021,1
1413,3,NY,Ahmad Palmer,10/28/2021,1
1414,7,NY,Kaiden Lyons,10/28/2021,1
1415,6,TX,Kian Garcia,10/28/2021,1
1416,10,TX,Julio Burch,10/28/2021,1
1417,6,NY,Miah Tapia,10/28/2021,1
1418,8,IL,Kelsey Foster,10/29/2021,0
1419,5,NY,Nina Gonzalez,10/29/2021,1
1420,6,IL,Quinn Yu,10/29/2021,0
1421,6,AZ,Adan Mcguire,10/30/2021,1
1422,7,IL,Esteban Charles,10/30/2021,1
1423,9,IL,Annabella Giles,10/30/2021,1
1424,7,CA,Shyann Sullivan,10/30/2021,0
1425,6,NY,Malcolm Livingston,10/30/2021,1
1426,6,NY,Josie Edwards,10/30/2021,1
1427,8,NY,Lillian Frost,10/31/2021,1
1428,6,NY,Valentino Carey,10/31/2021,1
1429,7,AZ,Gillian Shields,10/31/2021,0
1430,5,NY,Aniyah Hendricks,10/31/2021,1
1431,8,IL,Aden Lin,10/31/2021,1
1432,9,NY,Marilyn Key,10/31/2021,1
1433,9,IL,Kaylie Donaldson,10/31/2021,1
1434,6,IL,Marisol Kaufman,11/1/2021,0
1435,6,IL,Kinsley Daniel,11/1/2021,0
1436,10,NY,Maxim Rodgers,11/1/2021,1
1437,7,IL,Uriel Pena,11/1/2021,1
1438,8,CA,Riya Paul,11/1/2021,1
1439,6,NY,Arjun Bruce,11/1/2021,1
1440,10,NY,Leonidas Rasmussen,11/1/2021,1
1441,2,WV,Keegan Cantu,11/1/2021,1
1442,9,NY,Janiya Foster,11/1/2021,0
1443,8,TX,Luka Booker,11/1/2021,1
1444,6,AZ,Dario Reese,11/2/2021,1
1445,8,CA,Cali Molina,11/2/2021,1
1446,5,CA,Sydney Spence,11/2/2021,0
1447,6,NM,Nora Carr,11/2/2021,1
1448,6,NY,Alena Roberts,11/3/2021,1
1449,10,AZ,Talon Salinas,11/3/2021,0
1450,7,IL,Jaylen Ramos,11/3/2021,1
1451,7,NY,Roy Conrad,11/3/2021,0
1452,10,NY,Hugh Bray,11/3/2021,1
1453,6,NY,Derek Wright,11/3/2021,0
1454,1,NY,Brian Kirk,11/3/2021,1
1455,4,NY,Marely Little,11/4/2021,1
1456,9,AZ,Krystal Ray,11/4/2021,0
1457,4,AZ,Annalise Conway,11/4/2021,1
1458,7,NY,Clayton Michael,11/4/2021,0
1459,9,IL,Marely Harding,11/4/2021,1
1460,10,CA,Marcelo Oconnell,11/5/2021,1
1461,6,IL,Jonathan Castaneda,11/5/2021,1
1462,4,TX,Rayna Murray,11/5/2021,1
1463,8,NY,Rey Kent,11/5/2021,1
1464,5,DC,Collin Franklin,11/6/2021,0
1465,4,NY,Maliyah Newton,11/6/2021,1
1466,7,FL,Maurice Madden,11/6/2021,1
1467,10,CA,Phillip Lutz,11/6/2021,1
1468,8,NY,Neil Callahan,11/6/2021,1
1469,5,CO,Darryl Forbes,11/6/2021,1
1470,5,IL,Kaiya Tapia,11/7/2021,1
1471,6,FL,Randall Tucker,11/7/2021,1
1472,2,NY,Marie Pearson,11/7/2021,1
1473,7,CA,Felicity Riggs,11/7/2021,1
1474,10,NY,Brooklynn Mccarty,11/7/2021,1
1475,3,NY,Heather Salazar,11/7/2021,1
1476,8,OK,Ethan Mcclain,11/7/2021,0
1477,6,IL,Isabell Graves,11/7/2021,1
1478,6,IL,Jennifer Yu,11/7/2021,0
1479,7,NY,Lia Moses,11/8/2021,1
1480,2,NY,Aniyah Sanders,11/8/2021,1
1481,9,AZ,Lilyana Carpenter,11/8/2021,1
1482,8,WA,Damon Pacheco,11/8/2021,1
1483,2,NY,Casey Hoffman,11/8/2021,1
1484,1,CA,Esteban Novak,11/8/2021,1
1485,8,CT,Bryanna Villarreal,11/8/2021,0
1486,6,AZ,Austin Christian,11/9/2021,1
1487,6,NY,Holly Whitaker,11/9/2021,0
1488,1,AZ,Kinsley Ballard,11/10/2021,1
1489,10,NY,Jorden Perry,11/10/2021,0
1490,2,OK,Kristen Mercado,11/10/2021,1
1491,7,CA,Skyla Santos,11/11/2021,1
1492,5,CA,Amari Ingram,11/11/2021,1
1493,6,NY,Brock Daugherty,11/11/2021,1
1494,6,AZ,Frederick Brady,11/11/2021,1
1495,7,NY,Kian Cardenas,11/11/2021,1
1496,6,TX,Clayton Larsen,11/12/2021,1
1497,7,AZ,Brenton Fernandez,11/12/2021,1
1498,5,NY,Sammy Tate,11/12/2021,1
1499,7,NY,Alejandro Espinoza,11/12/2021,1
1500,7,AZ,Julianne Henderson,11/12/2021,1
1501,9,AZ,Howard Colon,11/13/2021,1
1502,7,NY,Naima Herman,11/13/2021,1
1503,6,CA,Natasha Dickson,11/13/2021,1
1504,2,NY,Cullen Booth,11/13/2021,1
1505,6,NY,Cristopher Wood,11/13/2021,1
1506,5,TX,Carter Barron,11/13/2021,1
1507,5,NY,Shamar Patel,11/13/2021,1
1508,10,NY,Caitlyn Stuart,11/14/2021,1
1509,6,NY,Alvaro Johnson,11/14/2021,1
1510,2,CA,Madyson Le,11/15/2021,1
1511,10,CA,Owen Fernandez,11/15/2021,1
1512,6,OK,Josie Henson,11/15/2021,1
1513,5,PA,Diego Stark,11/15/2021,1
1514,9,NY,Braxton Snow,11/15/2021,1
1515,1,NY,Justice Holmes,11/15/2021,1
1516,6,PA,William Lam,11/15/2021,0
1517,5,NY,Stephany Rodgers,11/16/2021,1
1518,2,WA,Alisha Walker,11/16/2021,0
1519,5,IL,Jeremy Carson,11/16/2021,1
1520,8,NY,Bradyn Wells,11/16/2021,1
1521,5,NY,Ireland Weiss,11/17/2021,1
1522,5,NY,Paulina Maldonado,11/17/2021,1
1523,7,TX,Damari Weiss,11/17/2021,1
1524,10,NY,Jamya Melendez,11/17/2021,1
1525,8,NY,Jovanni Carter,11/18/2021,1
1526,4,CA,Waylon Kim,11/18/2021,0
1527,4,NY,Prince Underwood,11/18/2021,0
1528,9,CA,Marvin Gill,11/18/2021,1
1529,9,IL,Trevor Washington,11/18/2021,1
1530,6,NY,Yair Dorsey,11/18/2021,1
1531,10,AZ,Malia Moon,11/18/2021,1
1532,2,NY,Kyleigh Mcconnell,11/19/2021,0
1533,7,IL,Natalee Hobbs,11/19/2021,1
1534,4,TX,Payton Whitaker,11/19/2021,0
1535,7,WA,Lacey Wright,11/19/2021,1
1536,5,CA,Rayna Ingram,11/19/2021,1
1537,8,GA,Ireland Bradshaw,11/19/2021,0
1538,4,PA,Semaj Sharp,11/19/2021,1
1539,9,NY,Ariel Richmond,11/19/2021,1
1540,9,OK,Ryland Jenkins,11/20/2021,1
1541,8,AZ,Kathleen Harmon,11/20/2021,1
1542,2,CA,Pamela Butler,11/20/2021,1
1543,4,IL,Adalynn Mcbride,11/20/2021,0
1544,6,CA,Jacey Roach,11/20/2021,1
1545,2,NY,Guadalupe Hester,11/21/2021,1
1546,6,NY,Christian Fischer,11/21/2021,1
1547,7,TX,Grady Powers,11/21/2021,0
1548,6,IL,Mareli Weaver,11/21/2021,1
1549,9,IL,Aryana West,11/21/2021,1
1550,9,LA,Vicente King,11/21/2021,1
1551,5,WA,Aaden Mueller,11/21/2021,1
1552,5,NC,Jefferson Roach,11/21/2021,1
1553,8,NY,India Franklin,11/21/2021,1
1554,5,NY,Izayah Collier,11/21/2021,1
1555,5,IL,Oscar Gibbs,11/22/2021,1
1556,10,IL,Rosemary Maldonado,11/22/2021,0
1557,6,NY,Zaire Leach,11/22/2021,1
1558,6,AZ,Alana Fernandez,11/22/2021,0
1559,6,AZ,Arthur Gonzales,11/22/2021,1
1560,7,NY,Alisa Alexander,11/22/2021,1
1561,5,IL,Amaris Bean,11/23/2021,1
1562,2,IL,Giovanny Gamble,11/23/2021,1
1563,3,IL,Anton Ellison,11/23/2021,1
1564,5,AZ,Jaslyn Rice,11/23/2021,1
1565,2,CA,Laylah Good,11/23/2021,1
1566,9,CA,Gavin Odonnell,11/23/2021,1
1567,8,IL,Mylee Schneider,11/23/2021,1
1568,8,NY,Makai Johnston,11/24/2021,0
1569,4,AZ,Reilly Singleton,11/24/2021,1
1570,6,GA,Emerson Larson,11/24/2021,1
1571,6,IL,Zander Kim,11/24/2021,0
1572,1,IL,Antwan Lam,11/24/2021,1
1573,2,CA,Kimberly Mitchell,11/24/2021,1
1574,9,NY,Carl Barron,11/24/2021,1
1575,10,DC,Yesenia Dominguez,11/24/2021,1
1576,10,NY,Laila Bolton,11/24/2021,1
1577,6,CA,Darwin Perkins,11/24/2021,1
1578,10,IL,Raina Middleton,11/24/2021,1
1579,1,NY,Trace Williams,11/25/2021,0
1580,1,TX,Maleah Wise,11/25/2021,1
1581,7,NY,Kiera Orozco,11/25/2021,0
1582,9,NY,Brynn Graham,11/25/2021,1
1583,6,IL,Jude Clarke,11/26/2021,0
1584,6,NY,Selena Reed,11/26/2021,0
1585,8,CA,Elias Osborn,11/26/2021,1
1586,5,CA,Adalyn Shepherd,11/26/2021,1
1587,6,IL,Davin Zhang,11/27/2021,1
1588,8,AZ,Bridger Christensen,11/27/2021,0
1589,4,AZ,Naima Davies,11/27/2021,0
1590,10,TX,Peyton Walls,11/27/2021,1
1591,5,AZ,Sara Blackwell,11/27/2021,1
1592,5,IL,Agustin West,11/27/2021,1
1593,6,NY,Yazmin Martin,11/28/2021,1
1594,6,AZ,Eliza Strickland,11/28/2021,1
1595,8,NY,Alexia Harding,11/28/2021,0
1596,7,NY,Jamya Adkins,11/28/2021,1
1597,7,AZ,Caiden Ray,11/28/2021,1
1598,10,LA,Jessica Welch,11/28/2021,1
1599,7,NY,Savannah Russo,11/28/2021,0
1600,4,IL,Lilliana Hall,11/29/2021,1
1601,6,NY,Alvaro Bautista,11/29/2021,1
1602,5,IL,Malachi Griffith,11/29/2021,0
1603,3,NY,Kenya Mooney,11/30/2021,0
1604,7,IL,Lesly Wilkerson,11/30/2021,1
1605,7,IL,Alfonso Cohen,11/30/2021,1
1606,7,NY,Chasity Henderson,11/30/2021,1
1607,6,TX,Dixie Garrison,11/30/2021,0
1608,3,CA,Braeden Mercado,11/30/2021,1
1609,1,NY,Tristian Rodgers,12/1/2021,0
1610,10,CA,Cara Holmes,12/1/2021,1
1611,7,TX,Arjun Castaneda,12/1/2021,1
1612,2,NY,Aditya Paul,12/1/2021,0
1613,8,NY,Alberto Higgins,12/1/2021,1
1614,10,NM,Josie Wilkinson,12/2/2021,1
1615,3,NY,Alexis Watson,12/2/2021,0
1616,3,TX,Brianna Cantu,12/2/2021,1
1617,7,NY,Dominick Valdez,12/2/2021,1
1618,10,NY,Karen Steele,12/2/2021,1
1619,9,FL,Shayna Kirby,12/2/2021,1
1620,4,NY,Dominik Krueger,12/2/2021,1
1621,6,NY,Luciano Curry,12/2/2021,1
1622,8,AZ,Martin Fisher,12/2/2021,1
1623,4,IL,Journey Christensen,12/2/2021,1
1624,9,TX,Jalen Chandler,12/2/2021,1
1625,6,NY,Joel Dudley,12/3/2021,1
1626,10,IL,Rishi Foley,12/3/2021,1
1627,6,IL,Edward Cole,12/3/2021,1
1628,3,NY,Kolby Cuevas,12/3/2021,1
1629,5,NY,Nikhil Kelly,12/4/2021,0
1630,6,NY,Leila Alvarez,12/4/2021,1
1631,2,MD,Leonidas Ray,12/4/2021,0
1632,7,TX,Santino Floyd,12/5/2021,0
1633,10,GA,Noah Ballard,12/5/2021,1
1634,9,IL,Abbie Valencia,12/5/2021,1
1635,6,NY,Jaxson Esparza,12/5/2021,1
1636,10,TX,Konnor Trevino,12/5/2021,0
1637,6,NY,Branden Hodges,12/5/2021,1
1638,6,CA,Patience Pena,12/5/2021,1
1639,4,IL,Emelia Mclaughlin,12/5/2021,1
1640,8,CA,Aliyah Cameron,12/5/2021,1
1641,10,TN,Soren Rojas,12/6/2021,1
1642,3,NY,Dominik Mcfarland,12/6/2021,1
1643,10,CA,Roger Burns,12/6/2021,1
1644,6,NY,Bridget Gibson,12/7/2021,1
1645,1,CA,Israel Flores,12/7/2021,1
1646,1,IL,Amira Clarke,12/7/2021,1
1647,6,NY,Renee Castro,12/7/2021,1
1648,9,NY,Bobby Harding,12/7/2021,1
1649,7,KY,Yandel Stevens,12/7/2021,1
1650,10,NY,Sofia Wilkinson,12/7/2021,0
1651,5,AZ,Jimmy Edwards,12/7/2021,1
1652,7,IL,Hayden Fields,12/8/2021,1
1653,4,NY,Axel Kirby,12/8/2021,1
1654,7,NY,Justine Chambers,12/8/2021,1
1655,3,NY,Yusuf Huff,12/8/2021,1
1656,1,MD,Makaila Juarez,12/8/2021,1
1657,9,AZ,Ellie Hancock,12/8/2021,1
1658,7,IL,Jakobe Cole,12/8/2021,0
1659,5,AZ,Rogelio Lutz,12/8/2021,1
1660,4,NY,Kailee Camacho,12/9/2021,1
1661,5,NY,Izabelle Haynes,12/9/2021,1
1662,7,NY,Fabian Serrano,12/9/2021,1
1663,7,CA,Sloane Key,12/9/2021,1
1664,10,NY,Luka Hendrix,12/9/2021,1
1665,8,NY,Catherine Richardson,12/9/2021,1
1666,6,NY,Ali Skinner,12/10/2021,1
1667,7,IL,Juliette Aguirre,12/10/2021,1
1668,5,NY,Marilyn Cuevas,12/10/2021,1
1669,10,AZ,Tania Choi,12/10/2021,1
1670,5,CA,Brogan Howard,12/10/2021,1
1671,7,NY,Ryker Whitaker,12/10/2021,1
1672,7,NY,Jamie Summers,12/10/2021,1
1673,8,NY,Sierra Morrow,12/10/2021,1
1674,4,OR,Fletcher Dean,12/10/2021,0
1675,1,NY,Jayvion Booker,12/10/2021,1
1676,6,IL,Abdiel Hodges,12/11/2021,1
1677,8,CA,Abbigail Stevens,12/11/2021,1
1678,8,CA,Pranav Peters,12/11/2021,1
1679,3,NY,Johnathan Moss,12/11/2021,0
1680,10,IL,Addison Hurley,12/11/2021,1
1681,9,NY,Kimora Turner,12/11/2021,1
1682,4,NC,Ada Montes,12/12/2021,1
1683,8,IL,Jay Charles,12/12/2021,1
1684,3,NY,Preston Archer,12/12/2021,1
1685,9,NC,Mckayla Montoya,12/13/2021,1
1686,10,AZ,Alice Booker,12/13/2021,0
1687,3,IL,Eleanor Williams,12/13/2021,1
1688,3,NY,Eliezer Faulkner,12/13/2021,1
1689,9,CA,Selah Welch,12/13/2021,1
1690,7,CA,Jamie Jensen,12/13/2021,0
1691,8,AZ,Mallory Tucker,12/13/2021,0
1692,6,NY,Ty Sharp,12/14/2021,1
1693,7,IL,Sofia Anthony,12/14/2021,1
1694,7,NY,Elle Patrick,12/14/2021,1
1695,8,IL,Alexa Charles,12/14/2021,0
1696,8,TX,Lola Taylor,12/14/2021,0
1697,4,IL,Soren Curry,12/14/2021,1
1698,9,NY,Wyatt Marks,12/15/2021,0
1699,8,CA,Gary Walsh,12/15/2021,1
1700,10,NY,Khloe Steele,12/15/2021,1
1701,4,IL,Crystal Spears,12/15/2021,1
1702,6,IL,Neil Vincent,12/15/2021,1
1703,9,MI,Marco Levine,12/16/2021,1
1704,2,NY,Maia Stark,12/16/2021,0
1705,2,NY,Carlee Randolph,12/16/2021,1
1706,8,AZ,Michaela Allen,12/16/2021,1
1707,2,NY,Abram Bullock,12/16/2021,1
1708,2,PA,Stephany Huffman,12/16/2021,1
1709,5,IL,Macie Carroll,12/16/2021,0
1710,1,IL,Roman Barr,12/16/2021,0
1711,7,TX,Alice Maddox,12/17/2021,0
1712,8,IL,Omari Parks,12/17/2021,1
1713,3,WA,Deandre Bridges,12/17/2021,1
1714,5,NY,Kamron Rodriguez,12/18/2021,1
1715,6,LA,Keyon Villegas,12/18/2021,0
1716,1,NY,Javon Calderon,12/18/2021,1
1717,8,NY,Timothy Martin,12/18/2021,1
1718,5,IL,Jayla Elliott,12/18/2021,1
1719,7,NY,Gemma Fields,12/18/2021,1
1720,6,AZ,Frida Berg,12/19/2021,1
1721,9,NY,Anna Castillo,12/19/2021,1
1722,5,NY,Bridget Daniels,12/19/2021,1
1723,2,FL,Davian Mcguire,12/19/2021,0
1724,9,AL,Yair Rowland,12/20/2021,1
1725,5,NY,Edith Vaughn,12/20/2021,0
1726,7,TX,Tyshawn Bradshaw,12/20/2021,0
1727,6,CA,Jasiah Rose,12/20/2021,1
1728,1,IL,Amare Schwartz,12/21/2021,1
1729,4,AZ,Regina Roy,12/21/2021,0
1730,5,NY,Alena Chan,12/21/2021,1
1731,5,CA,Vaughn Ford,12/21/2021,1
1732,8,NY,Shayna Morton,12/21/2021,1
1733,4,NY,Avah Marks,12/21/2021,1
1734,9,IL,Nina Caldwell,12/21/2021,1
1735,7,IL,Michaela Copeland,12/22/2021,1
1736,4,CA,Clay Singleton,12/22/2021,1
1737,10,NY,Janiyah Freeman,12/22/2021,0
1738,5,NY,Nylah Hodges,12/22/2021,1
1739,10,NY,Simone Hood,12/23/2021,1
1740,2,NY,Luciano Morrison,12/23/2021,1
1741,3,WA,Kolton Cline,12/23/2021,1
1742,4,CA,Raegan Weeks,12/23/2021,1
1743,1,NY,Audrey Kelley,12/23/2021,0
1744,3,NY,Jordyn Owen,12/24/2021,1
1745,8,CA,Georgia Morgan,12/24/2021,1
1746,1,NY,Gillian Lucas,12/24/2021,1
1747,9,TX,Amy Jenkins,12/24/2021,1
1748,7,AZ,Gretchen Escobar,12/24/2021,1
1749,1,CA,Carl Graham,12/25/2021,1
1750,10,NY,Jaylan Pierce,12/25/2021,1
1751,3,IL,Jaeden Palmer,12/25/2021,1
1752,4,AZ,Aileen Marquez,12/25/2021,1
1753,5,IN,Dakota Moreno,12/25/2021,1
1754,9,CA,Shannon Shaffer,12/25/2021,1
1755,8,AZ,Austin Harvey,12/25/2021,1
1756,2,IL,Mila Jackson,12/25/2021,0
1757,2,AZ,Lewis Patton,12/25/2021,1
1758,9,IL,Kaydence Rush,12/26/2021,1
1759,7,KY,Damaris Stevenson,12/26/2021,1
1760,3,IL,Regina Acosta,12/26/2021,1
1761,9,AZ,Zaire Zuniga,12/26/2021,1
1762,8,PA,Landen Saunders,12/26/2021,0
1763,10,IL,Lilly Figueroa,12/26/2021,1
1764,6,IL,Dana Olsen,12/27/2021,1
1765,9,NY,Kailyn Baldwin,12/27/2021,1
1766,9,NY,Sidney Garner,12/27/2021,0
1767,8,CA,Irvin Acevedo,12/27/2021,1
1768,9,TX,Daniel Krause,12/27/2021,1
1769,10,CA,Averi Ashley,12/27/2021,1
1770,6,PA,Joel Gross,12/27/2021,0
1771,4,NE,Lawrence Shepherd,12/27/2021,1
1772,7,CA,Emerson Roach,12/27/2021,1
1773,2,IL,Davon Sweeney,12/27/2021,1
1774,10,AZ,Bailey Lutz,12/28/2021,1
1775,2,CA,Kiana Livingston,12/28/2021,1
1776,3,CA,Ryleigh Chase,12/28/2021,1
1777,10,NY,Leandro Phillips,12/28/2021,0
1778,4,TX,Kendra Nolan,12/28/2021,1
1779,3,CA,Danica Holder,12/28/2021,1
1780,10,TX,Mckayla Schwartz,12/29/2021,1
1781,4,TX,Brisa Harrison,12/29/2021,0
1782,5,IL,Demarcus Mccullough,12/29/2021,0
1783,10,TX,Brenna Cook,12/29/2021,1
1784,5,IL,Jovan Hill,12/29/2021,1
1785,9,NY,Cristopher Graham,12/30/2021,1
1786,3,TX,Evan Rich,12/30/2021,1
1787,8,NY,Justine Heath,12/30/2021,1
1788,7,NY,Giovani Dudley,12/30/2021,1
1789,8,CA,Donna Weeks,12/30/2021,1
1790,2,NY,Marvin Hull,12/30/2021,1
1791,10,AZ,Diamond Cunningham,12/30/2021,0
1792,4,NY,Maximillian White,12/30/2021,1
1793,10,NY,Brogan Estrada,12/30/2021,1
1794,6,IL,Ty Burke,12/30/2021,1
1795,5,CA,Ayden Levy,12/31/2021,0
1796,10,TX,Brayden Hutchinson,12/31/2021,1
1797,10,OH,Vance Hill,12/31/2021,1
1798,1,NY,Xavier Wallace,12/31/2021,1
1799,7,NY,Sofia Oneal,12/31/2021,0
1800,6,NY,Mateo Washington,12/31/2021,1
1801,10,NY,David Serrano,12/31/2021,1
1802,9,CA,Braedon Parsons,12/31/2021,1
1803,8,IL,Talia Yu,12/31/2021,1
1804,8,NY,Pamela Barajas,12/31/2021,1
1805,4,TX,Campbell Dodson,12/31/2021,1
